S5,S8,S13,S15,S16,S19,S18,MACHINE_AGE,WELL_GROUP
3020.571429,29.0925,25.384643,0,10.2214,0,47.9,532,6
7607.04,356.5156,35.7132,0,9.2624,9,0,7311,5
0,0,0,0,9.1455,1.1,12.1,787,6
0,0,0,0,9.751,0,286.1,1574,2
4547,364.52,38.21,0,6.384,6.4,254,1223,1
5137.185185,18.668519,29.694815,0,10.9021,0,0,1562,4
2135.758621,17.672759,28.10069,0,11.375,5,22.6,650,4
2784.964286,3.228214,41.566786,0,7.4046,0.3,1.6,699,1
6087.172414,462.863448,28.578276,0,12.8289,4.2,482.8,1124,5
2484.607143,15.824286,26.1525,0,6.72,1.9,6.4,12451,4
4245.73913,0,35.67913,0,6.888,14.8,423,1730,1
3224,71.97,23.03,0,8.0934,0.6,76.6,1338,4
4571.642857,87.953214,21.462857,0,5.4571,18.6,113.7,553,8
2558,0,28.74,0,6.5954,8.5,1.6,11904,3
6110.586207,245.837241,23.87,0,3.8688,15.9,413,4084,3
5269.55,0,30.4595,0,5.5063,0.8,401,1673,1
3275,241.61,18.93,0,11.0473,6.1,30.1,1091,4
2894.454545,31.195455,38.085455,0,4.2824,1.1,1,1182,7
1358,305.3,9.5,0,8.408,9.6,500.2,1185,8
5743.423077,672.29,26.965,0,8.823,0,644,6007,6
5408,0,45.45,0,11.6112,11.2,0,767,3
7820.444444,499.725,30.548889,0,8.5025,0.6,0,1740,6
2829.1,14.739,37.225,0,8.9148,0.3,24.6,997,1
0,0,0,0,1.3932,0,208.1,4666,3
2606,143.38,34.29,0,5.6925,0.7,144.4,1253,3
6195.090909,594.436364,24.200909,0,7.2295,6.9,527.4,596,3
3784.583333,39.965833,31.803333,0,2.7606,0.1,52.2,1178,2
4284,454.99,24.76,0,7.2726,0.8,451.7,537,3
5194.28,471.7016,43.6492,0,6.7071,0,476.9,703,5
5232.615385,93.046538,43.971923,0,6.2244,0.6,42.7,9068,2
5900,381.68,29.5,0,7.0983,7.9,315.8,1481,6
4170.285714,24.975714,35.044643,0,9.4415,2.1,22.8,718,2
3371,128.22,37.88,0,6.8169,14.7,142.1,299,2
3079.461538,3.675385,45.961538,0,8.0115,0,2.6,863,7
2984.071429,28.238929,35.525357,2.2656,11.575,0.1,4,760,8
3104,33.11,34.88,0,6.5059,0.1,32.7,1317,3
4411.464286,5.562143,37.070714,0,8.265,0.3,6.9,908,2
3982,2.473462,59.433846,0,8.56,4.8,0.6,1261,2
1968,229.24,16.54,0,9.7836,0.1,211.7,1026,1
0,0,0,0,12.648,0,16.3,9937,2
2803.761905,0.31,31.502857,0,8.7236,0,2.8,4611,8
2268,82.21,33.85,0,6.2284,0,74.6,594,7
3357.5,2.5025,35.342143,0,4.9725,0.1,3.6,848,6
3007.041667,21.64625,21.02875,0,6.1491,0,174.1,437,6
2325.178571,2.215714,34.704286,0,10.692,0.5,4.9,695,1
5118,544.94,19.99,0,3.3212,18.8,350.2,547,4
4361,278.88,36.65,0,11.8795,0.1,281.2,10146,7
0,0,0,0,8.8924,0.9,170.4,1023,1
3277.5,41.862,43.125,0,8.977,4.7,72.4,845,7
4912,54.5035,64.6315,0,7.3704,0.2,41.1,1695,2
3628.52381,150.45,33.289048,0,7.5712,0.2,155.7,871,7
3002.62963,40.243333,33.739259,0,10.4,2.8,30.1,1186,1
3104,257.12,8.5,0,4.8306,3.3,442.8,3366,8
5972,342.54,50.18,0,8.0883,0,337,7585,4
4259,342.89,35.79,0,12.7844,0.4,149.2,14537,3
3155.37931,44.005517,41.518276,0,9.6408,6,11.5,1483,7
4296,247.09,36.1,0,9.8268,29,243,1149,6
2338.043478,1.092174,26.27,0,5.9486,0,2.6,598,5
3496.321429,29.094643,46.003929,0,9.9687,2.6,6.2,6003,6
3011,0.01,39.62,0.216,6.0768,0,0.1,1079,4
4272,50.82,48,0,8.1648,2.3,50.6,829,8
2895.551724,0.857586,34.47069,0,8.1855,0.7,1.1,315,6
6201,213.35,29.11,0,10.7695,2.2,432.1,741,6
4064,214.38,34.15,0,6.804,4.1,180.3,1322,8
0,0,0,0,8.004,0,86.6,683,6
3120,123.89,46.57,0,9.493,4.4,129.1,9716,1
3178,77.23,41.82,0,7.7104,0.3,77.8,3211,8
3966.413793,199.411724,22.926552,0,5.8422,18.1,263,1285,4
5152,0,24.19,0,7.0864,0,13.9,8373,2
3659,2.46,48.14,0,10.7695,1.9,4.5,445,5
4502.08,65.1248,37.8328,0,7.3245,0.5,373.2,1440,8
6540,268.03,25.55,29.28,3.3495,15.9,243.8,955,8
2518,31.22,29.98,0,10.3896,0,23.4,885,6
1008,58.45,11.33,0,9.2773,3.4,73.7,1189,5
3181,7.98,35.74,0,8.4372,0.2,0,4864,8
4836,2.67,28.62,0.5976,9.03,7.3,1,156,7
4352,214.88,25.16,0,6.5254,11.6,176.4,1241,6
5901.2,0,27.7045,0,8.262,16.8,440,1333,2
6272,163.59,52.71,0,8.393,12.7,180.5,394,3
5559,176.95,46.71,0,5.8366,9.1,147.8,1496,2
8885.058824,294.117647,24.343529,0,3.196,4.7,455.5,609,1
2711.565217,5.315217,24.876957,0,9.7128,0.1,3.9,654,6
5216,270.71,36.48,0,6.3381,0.6,231.1,1157,8
0,0,0,0,6.8493,0,9.6,757,5
4333.125,11.42875,25.046667,0,5.6544,0.2,6.3,1039,1
6392,290.329565,30.008696,0,6.0904,10.9,0,1602,5
2757,232.46,32.82,0,12.0637,12.9,102,901,6
3330.96,17.9284,43.828,0,6.1985,1.2,34.3,1539,5
3576,47.85,47.05,0,6.525,0,61.3,6412,7
3380,0,37.98,0,6.255,1.7,76.4,10811,5
3259,28.84,42.88,0,6.1318,0,32.6,422,8
7079.6,125.8368,33.2368,0,7.844,5,323.5,1159,1
5183.318182,442.794545,29.961364,0,8.0171,7.84,420.9,1422,5
2946.166667,104.212778,38.765556,0,8.8653,0.6,45.2,2573,5
4129.296296,441.161852,34.70037,0,9.108,0.2,481.3,804,5
8673.586207,575.601724,40.721034,0,6.2015,0.9,315.3,965,5
6103.107143,740.168214,51.286786,0,8.3886,2.2,734.8,5423,2
3921,840.35,10.74,0,3.724,24.7,608,988,5
3131,121.45,37.27,0,8.845,0,116.1,1525,6
4725,178.77,39.71,0,7.713,1.8,183.6,4744,5
3675.586207,7.253448,30.886897,1.356,9.7723,8.1,5.5,1280,2
2323.137931,1.644828,30.567586,3.2736,6.6834,1,0.6,2060,2
5827.25,389.686429,48.968929,0,7.942,0.5,134.7,8215,1
8832.241379,154.607241,41.464828,0,1.7864,21,221,10936,3
5273.684211,210.363158,30.483684,0,8.7699,7.3,206.1,288,3
3089,465.35,21.45,0,6.8684,27.4,322.6,1181,6
3292,50.71,36.99,0,9.1134,0,57.9,10359,6
2978.068966,58.003793,33.461724,0,9.7713,4,18.8,726,5
2395.586207,79.186552,31.522069,2.2477,7.2756,10,9.9,720,1
2720,94.57,30.56,0,10.7019,2.7,91.3,2055,8
4151,194.3,46.64,0,10.7892,0.5,184.4,919,4
0,0,0,0,8.3334,0,0,671,8
3240,0,46.29,0,11.7128,0.3,22.3,1541,7
3519.272727,3.964091,46.305455,0,7.1928,0,10.2,1286,1
4709,298.35,39.57,0,7.9542,0,0,1470,5
4222,0,35.48,0,8.9095,0.1,96.9,1020,1
2904,778.87,7.96,0,4.968,7.8,0,1460,5
2972,78.4,44.36,0,10.9816,0,75.1,1494,2
2498,14.45,44.61,0,7.3832,0.8,15.7,1019,5
7519.45,216.4445,35.3025,0,8.607,6.4,447.6,787,5
5745.407407,141.78963,33.209259,0,3.1416,48.2,177,474,3
0,0,0,0,7.123,0.1,26.2,1421,2
5046.892857,308.511071,42.411071,0,7.7926,6.7,174.8,932,2
3477,66.3,51.9,0,8.296,1.1,97.1,1406,5
5683.421053,56.205263,26.682105,0,3.7557,1.2,49.7,597,1
3292.230769,21.195,36.990385,0,9.7104,0,15,1050,8
1410,155.51,16.79,0,12.3,9.1,132.1,1431,4
3310,17.1,37.19,0,8.0948,0,20.7,480,2
4276.222222,11.721852,35.934444,0,10.0912,3.9,6.1,1309,7
3175,4.99,35.67,0,2.6312,0.1,17,7088,3
3576,191.33,53.37,0,9.8898,0.5,172.3,1462,1
4817,620.9,27.84,0,7.5756,5.4,285,11960,2
5973.357143,383.024286,23.335,0,8.36,4.6,547.7,1866,4
7202.413793,89.084138,23.614483,0,3.2824,42.7,57.1,832,3
7909.88,401.976,37.136,0,7.0498,0.3,563.6,330,8
4138,176.71,34.77,0,5.2407,4.6,151.1,1010,8
2776,99.68,41.43,0,7.568,0.7,0,565,7
2951,7.83,33.16,0,5.64,0.4,9.6,585,6
4659,0.19,61.3,0.2016,5.7696,0,0.3,811,2
3006,13.82,33.78,0,6.1005,4,4.3,1296,6
2553,805.26,11.99,0,9.3744,0,807.2,212,2
3431.448276,118.148966,38.555862,0,8.3202,3.2,114.6,1026,4
8254,522.74,22.61,0,3.2129,7.1,533.6,10092,7
3386,6.89875,50.53625,0,10.584,4.8,11.8,6890,8
5616,178.785517,39.000345,0,10.4902,7.3,62.6,1129,2
3581.37931,193.804138,30.095172,0,7.826,0,202.6,576,4
5858,48.13,65.82,0,6.1992,2.4,17.9,1303,3
3723,0,31.29,0.3696,8.7634,0,8.3,9358,3
4896.583333,210.945417,34.242083,0,8.9388,0.4,120.6,486,6
4350.764706,9.859412,25.149412,0,9.374,0.9,8.5,769,5
3045,552.68,21.15,0,8.6037,24,376.5,1341,7
5089.518519,469.021852,29.418519,0,9.8368,0.9,468.6,146,8
3161.352941,1.727647,35.521176,0,1.4596,5.2,1.1,1573,2
6223,311.96,52.29,0,7.245,0.2,293.7,1639,6
3008,51.21,33.8,0,7.5684,0.1,51,9260,6
3284,31.73,39.1,0,7.4648,0,3.1,6455,4
2582.222222,2.146667,29.014444,0,6.7522,2.3,0,1368,4
0,0,0,0,6.4641,3.8,87.7,711,4
4654.846154,61.188462,18.182692,0,5.4444,2.4,18.2,204,6
6061.6,85.5645,50.9365,0,9.324,0,227.4,9877,5
3984.076923,373.205769,33.479231,0,10.3944,30.1,389.8,494,3
1339.62069,47.783793,19.136897,0,9.3086,0,9.2,1086,6
2460,0,32.37,0,6.2884,0,0.2,6763,1
4476.461538,143.59,41.067308,0,9.8766,2.3,29.3,6450,3
4226,112.25,19.84,0,5.5104,3,12.4,1301,4
5057.25,545.231667,29.231667,0,8.9792,26.2,549.9,1278,5
3938.896552,4.687931,33.100345,0,6.7387,5.4,4.2,1545,4
4764,167.08,15.62,0,6.9812,7.5,128.7,1096,2
0,0,0,0,7.9968,0.9,256.3,611,8
4142.310345,64.190345,34.808966,0,7.65,6.3,15.1,653,3
5355.259259,117.141481,37.448889,0,14.0666,0.9,494.3,862,5
5372.307692,9.210385,24.150769,0,7.4399,0,658.2,1646,4
6583.48,29.4316,30.9088,0,7.1724,0,39.4,8451,8
3542,0,32.5,1.032,5.136,3.9,1,9822,3
1937.482759,10.9,28.917241,0,5.8887,0,6.9,788,8
3363.75,69.447857,28.266071,0,13.1712,0.6,11,1357,5
4539.863636,146.758182,38.15,0,8.118,0.5,136.8,1361,7
3276.535714,121.886071,36.815714,3.125,8.6655,0,6.6,621,7
0,0,0,0,6.944,3.6,428.3,1317,5
3804,96.355,31.965,0,10.7616,0.6,106.7,634,8
0,0,0,0,11.4559,0,1.8,230,8
0,0,0,0,9.493,0.8,32.5,826,7
6227,626.5,29.23,0,8.2256,15.6,549.4,896,1
2454,389.41,11.52,0,6.9078,0.32,395.8,778,1
3922,118.32,44.07,0,10.547,0.6,0,4345,2
4080,310.14,34.29,0,8.2222,3.4,0,5513,6
2768,229.95,13,0,9.1728,3.2,302.7,9595,4
3162.263158,9.771053,35.531579,0,5.8597,0.4,9.7,3360,6
0,0,0,0,12.7116,0,0,9807,7
3019.285714,56.925714,39.728571,0,7.7456,0,63.1,529,5
2458,12.77,32.34,0,7.7272,2.7,10.8,2926,4
4480,250.86,47.16,0,9.2983,0.6,175,1093,3
3385.038462,36.518846,44.539231,0,11.7624,11.2,49.2,1033,4
3011.428571,35.136429,25.305714,0,8.829,2.1,5.7,1320,3
5455.36,279.354,38.15,0,10.7625,12.7,361.8,660,2
6463.333333,810.273333,17.706667,0,5.8029,0,819.5,780,8
3049.384615,151.761154,36.303077,0,10.2796,2.3,13.9,704,8
8227,253.08,47.55,0,12.9159,1.1,4.9,1422,2
4365,179.12,36.68,0,8.1984,0,165.8,3111,6
2767,4.96,31.09,0,10.1716,0.3,5,839,8
0,0,0,0,7.2369,0,5.6,1286,7
1924,0,25.32,0,11.9412,3.1,0,558,1
4041,0,23.36,0,6.9064,0,277.3,1558,5
3207,0.03,42.2,0,7.852,27.2,18.6,742,2
7814.130435,421.826087,30.524348,0,8.7924,4.7,274.3,830,8
4849.8,98.276,40.754,0,7.1214,1.8,48,1042,4
4497,232.52,21.11,0,6.448,3.17,266.2,1049,3
2657.7,123.692,24.382,0,6.9552,0,116.6,1379,6
2417,9.99,27.16,0,8.4702,0,3.2,9125,4
11391.5,712.588125,44.4975,0,10.406,13.8,403.1,1866,3
2166,0,24.34,0,9.329,0,0,4790,7
6135.413793,91.455862,42.607586,0,5.2072,19.2,68.6,1254,8
4594.6,70.944,26.56,0,3.504,8.1,76.5,340,7
2283,0.13,30.04,0,8.3224,0.9,61.3,669,6
2133.275862,113.23069,25.396897,0,8.1312,2.4,111.8,661,2
2875.724138,2.2,37.837931,0,5.0652,0,1.6,1301,3
4725.962963,259.705185,39.714074,0,8.3268,13.8,121.1,6935,8
5784.615385,77.791923,48.610769,0,7.2845,7.6,60.2,12113,4
2358.695652,22.862609,44.503913,0,9.1392,1.6,18.8,1458,7
4651.833333,105.102778,55.378333,0,8.5492,2.8,201.9,4009,3
7972.035714,314.0275,26.137143,0,3.1902,20.4,571,1006,4
3397.913043,51.607391,31.173043,0,7.3863,1.4,11.6,9050,6
2903,431.07,9.52,0,2.958,24.25,108.3,6202,3
3902,101.9,43.84,0,9.2395,2.5,96.5,2584,8
4778.08,496.4496,40.1516,0,13.3104,2.2,535.7,1127,8
10410.06667,0,40.663333,0,11.3826,0,851.3,11946,1
5865.076923,94.36,37.596538,0,11.2224,9.8,102.1,556,3
0,0,0,0,11.4103,0.5,231.4,10441,8
0,0,0,0,9.1728,0,0,471,6
0,0,0,0,10.8472,0,4.1,4495,1
7623.862069,357.989655,24.995862,0,4.6543,12.63,341.2,802,1
3839,163.78,26.66,0,5.0244,7.7,156.8,10873,3
4111.818182,6.139091,54.103636,0,10.706,0,7.9,3373,1
0,0,0,0,6.46,6.9,22.6,583,5
4290.56,264.2636,36.0556,0,10.7756,3,232.6,4356,2
4624,115.8,30.83,0,7.626,0.6,121.8,2630,4
5440,275.21,25.54,0,4.3709,0.1,177,1148,3
1295,121.81,14.55,0,11.9328,0.1,32.1,449,3
0,245.03,0,0,11.1983,13.9,495.8,783,7
0,0,0,0,6.1605,4.1,27.4,984,6
7188,40.81,28.078182,0,8.5008,4.72,11.9,1000,1
3190,18.24,41.97,0,6.045,1.2,17.8,3125,3
9368.888889,462.733704,30.718148,0,8.642,1.7,503.7,6380,6
8648.64,237.4164,40.6032,0,8.8168,22.6,237.3,1508,2
4512,220.74,17.62,0,8.8944,9.4,206.9,11907,7
3267,2.136897,42.987931,0,7.4016,2.6,1.4,1014,3
3319.321429,61.4875,27.894286,0,1.1448,3,3.2,735,8
4524.5,363.314545,38.020455,0,8.052,3.8,336.2,1449,6
3200,151.42,15.02,0,7.6608,0,189.7,4105,6
4304.941176,149.558824,30.104118,0,10.2073,5.2,133.5,1325,6
1856,75.74,15.6,0,9.4368,0.6,20.9,722,4
5492,256.26125,46.1525,0,8.2176,0.1,274.1,1144,5
4166.035714,47.918571,38.22,0,9.169,14,0,1022,1
5304.827586,28.99,44.578621,0,7.3304,0,28.1,1330,7
4606.344828,124.567241,38.708966,0,7.8,2.8,75.8,729,4
5257.103448,45.01931,24.68069,0,3.731,25.5,43.1,1449,2
4840.730769,217.487692,27.981538,0,6.902,6.2,199,1762,4
2977.333333,90.938889,33.453333,0,5.8872,4.6,83,5785,1
3211,117.66,22.45,0,8.755,0,139.2,793,8
0,0,0,0,1.2444,0.6,4.9,978,2
3900,131.77,32.77,0,8.0948,0,270.2,1218,8
4639.5,148.3925,21.782,0,10.6764,6,116,9776,1
2970.928571,6.040714,35.368214,0,6.862,2.3,9,1073,7
3805.142857,36.787143,50.067857,0,7.2705,9.2,18.7,1147,2
3890.037037,20.606667,32.688889,0,7.9686,0,20.8,888,2
3105,64.589444,34.887778,0,9.2202,0.3,78,1344,3
3710.172414,4.278621,25.945517,0,6.6305,3.6,7,7406,3
2910,4.6,43.43,0,6.21,0.4,0.9,2322,4
3494,271.17,24.43,0,6.059,0.9,249.1,1252,3
3940.740741,211.840741,33.115185,0,3.9772,0.1,177.3,3098,8
5426.2,40.027,31.366,0,5.5363,2.2,69.4,2667,2
4992,297.377333,28.855333,0,8.1589,8.9,271.8,1715,6
5233.307692,1.092308,29.906154,0,8.4132,0.1,678,9996,2
200,47.97,2.63,0,9.207,1.2,0.1,1070,8
5210.24,287.9476,43.7844,0,10.3887,0.3,307,7354,2
3151,641.87,22.03,0,7.5416,5.1,140.8,876,7
2832,204.57,22.3,0,7.4888,18.7,174.1,908,3
4245.714286,56.982143,35.678214,0,7.2624,0,8.2,799,6
2762.888889,44.812963,36.353704,0,10.5682,4.5,14.2,1013,1
4487.37931,6.875517,37.71,1.536,6.612,2.6,1.1,1260,5
5181.217391,176.088261,24.325217,0,4.6332,13.1,108.8,3999,6
3584.538462,18.553462,30.121538,0,8.4672,0,68.8,1194,4
6965.333333,8.48,32.703333,0,7.896,0,15.2,3313,4
5808.407407,396.917778,15.913704,0,6.6378,0.2,396.5,1335,8
0,0,0,0,12.1437,0,29.5,213,5
5966.857143,17.176071,50.141071,0,8.4075,0.4,20.3,8049,5
5281.666667,134.107778,44.382778,0,11.242,0,125.3,650,8
0,0,0,0,7.7738,0.5,32.4,1036,4
8096.25,229.485,38.0105,0,6.903,19.4,397.6,3422,1
4194,38.63,55.18,0,10.9244,3.3,2.5,520,8
3461,122.84,45.54,0,8.8479,0.4,125.5,1114,8
3030.518519,70.222963,36.078148,0,9.2721,0,37.1,7247,8
5136,340.21,29.69,0,7.8085,36,286.4,856,5
8935.371477,357.5409684,28.31530881,0,5.794731367,4.856220828,634.0012173,10677,5
3145.353341,52.78447982,37.44713888,0,8.453338123,0,21.69696574,6888,6
6478.29944,27.34111083,34.18934825,0,7.383077415,0.068230075,36.1420139,8382,7
3261.918338,120.9434694,33.6115214,2.427986132,8.685462477,0,36.17569243,659,7
5839.82072,104.3700043,36.67060453,0,9.516950409,17.90430456,117.9076149,538,3
4559.712494,145.6870865,50.45124261,0,9.116908204,2.850997862,209.7281719,4097,2
2600.556126,8.360021603,28.03127974,0.168382153,7.926188591,0.636327903,2.841045798,9238,3
2585.015414,18.73744119,29.6341671,0,6.627716331,2.112046929,16.96276468,1354,3
2835.914229,99.51208625,34.76548575,0,9.760611545,1.623714606,67.67297301,2320,6
4503.662404,345.3839999,36.46694218,0,7.867590299,4.742221715,316.8965346,1423,6
3187.164828,32.17723366,41.93456035,0,6.438474639,0.98736209,31.97586065,3145,4
2936.654427,17.31457062,36.58602759,0,5.70587438,1.762183771,5.414558473,1121,7
4527.245313,113.1274821,38.04421486,0.369286323,7.7559263,1.004883645,104.1748997,1336,6
4591.453849,321.2106456,27.50872071,0,8.754034209,2.844042145,356.7625174,1075,4
1927.151517,2.547811622,26.16083417,0,10.52646332,2.375393025,1.61283488,611,2
3787.303701,39.54523921,34.22003466,0,3.357335114,1.304082027,47.76739034,1173,2
3614.286548,13.58207733,27.37503297,0,7.003178072,3.092110441,11.24652104,7383,3
6014.822452,354.6194738,34.02453116,0,6.940109346,0.2,345.31851,1486,7
5197.87093,226.7929967,39.62292146,0,9.687354177,0.236285696,244.7511248,7570,2
0,0,0,0,8.517534001,0.765951726,124.1533453,1027,2
1076.66801,56.2413706,12.946558,0,9.283781226,2.695969038,60.34411852,1167,5
5867.538548,143.9859416,23.4272694,0,7.67280501,10.77818197,424.2199347,1333,4
8634.275739,237.9500212,40.83986078,0,8.956446483,21.86754669,229.3826907,1505,2
4481.94047,248.7665756,44.18651557,0,8.972951721,0.893353358,185.4100491,1087,3
3179.985708,31.20938812,42.9058201,0,10.2433058,4.342527493,14.64047422,1499,7
5549.483874,184.8076009,45.01708924,0,5.719391719,8.380293015,150.1350493,1468,2
7479.085043,296.2355811,27.18800172,0,5.502779634,10.60037351,336.4916922,896,1
2556.572662,2.820299748,35.68383787,1.971467903,6.495096806,0.761339425,0.719330287,2164,2
4501.949003,245.5853684,22.80255909,0,6.441665276,3.489705606,264.9924432,1066,2
3629.195454,150.2429487,33.28398014,0,7.583411412,0.20153102,155.5124501,870,7
4382.323163,7.625209098,31.34744324,0,8.797417287,0.588052635,7.66814036,841,3
5239.567096,313.7469703,28.23195767,0,7.845308069,5.506582225,491.5275559,1488,4
4133.849361,435.861299,34.73859715,0,9.127632097,0.986594891,474.7914735,813,5
3989.575251,74.53612298,29.73268935,0,7.097083423,6.40560686,38.3842885,7276,4
5919.218164,144.2900054,49.74109398,0,8.248654655,0.434123597,59.3373953,8105,3
3066.394066,44.79144583,34.45579007,0,8.003645119,1.742848049,49.2600267,1325,4
6236.333575,633.757809,28.77490595,0,8.129919666,14.98390506,560.0671309,891,1
3996.909938,41.00411211,54.83652195,0,8.240709136,4.672720043,33.27458329,1272,3
4545.12621,361.3412694,38.46030476,0,6.465504263,6.23779133,251.790606,1219,1
3013.723539,52.92664953,39.19353165,0,7.574089506,0.032581781,58.74218683,533,5
4533.663816,341.8962583,39.99147535,0,6.964084203,5.245524353,238.2752455,1197,1
3162.201385,40.45781565,41.90296985,0,9.807843537,5.540469034,12.37069025,1487,7
5549.906647,171.656536,46.63374711,0,5.890042664,8.774435504,143.5175747,1490,2
3995.328269,2.09695095,27.71693821,0,6.83138638,2.415465401,155.1400739,1552,4
7744.055239,376.4740144,30.09750603,0,5.660959749,7.448570361,434.6590391,603,3
3240.305057,5.580763165,40.27114363,0,5.092612598,1.554662409,15.39058627,7026,4
4531.905874,338.9140548,40.22630485,0,7.040549412,5.09334434,236.2024488,1193,1
0,0,0,0,8.000434842,0.445644711,170.6287861,647,6
3179.024829,0.829604025,43.02508183,0,7.886985836,21.23376338,15.09044905,768,3
0,0,0,0,4.350798949,0.675319423,15.29408033,920,3
5865.645631,39.61184633,59.07423466,0,6.564278898,4.948543793,92.60418994,1308,2
5804.962861,118.1855138,35.39265877,0,7.163139744,29.08962403,139.7248135,514,3
4040.195776,210.7287853,31.41226201,0,6.569387927,7.515022899,200.4730281,1312,7
0,0,0,0,8.646575372,0.42420011,4.666201213,715,7
3215.381301,112.6661074,23.81215638,0,8.769626298,0.309655865,134.7989337,796,7
3300.91118,27.61308104,40.99608314,0,7.981950511,0.795820228,4.542424162,6527,4
98.37065684,23.59420204,1.293574137,0,8.205900155,0.590223941,2.894806937,1179,7
3238.875378,5.0586907,44.65508065,0,11.45839643,0.321086664,26.11668619,1526,6
3870.04509,38.20788548,32.52068294,0,8.617593863,0.13941866,40.76010483,828,3
5232.700977,81.67794459,42.23292732,0,6.495008293,0.538183413,121.2441561,9182,2
1354.614818,257.8695371,11.2749659,0,8.573876453,7.831829953,409.7654695,1166,7
2772.200522,40.58349605,36.47623915,0,10.33567326,3.909330883,15.66260924,1010,1
4480.561838,250.2538756,46.2990654,0,9.204099544,0.684936734,178.0140973,1091,3
3405.469065,59.73576944,44.80839767,0,10.97851656,8.295233769,69.7216355,1054,5
2334.037648,1.665940446,30.50224507,3.135879128,6.686294427,1.054691207,0.574757905,2030,2
3567.591944,47.38582926,46.82108205,0,6.552061269,0,59.62414784,6413,6
2185.024601,13.63459822,27.65482994,0,10.0534136,3.782262273,17.72904909,637,4
2276.933311,33.32692461,31.58093912,0,7.475490154,0.535998634,66.6791313,638,6
8140.43669,273.7723778,40.28008858,0,9.613912905,7.652572148,197.097466,1280,2
6831.049688,45.76961994,31.31558671,0,7.263313351,2.497943415,77.69571638,3434,3
4836.434535,108.9939187,36.83876007,0,7.099560395,2.687915478,60.57101387,1050,3
7816.571991,420.1592882,30.45651234,0,8.705777898,4.942755883,278.8876223,832,7
6533.981195,220.5318822,30.67600027,0,6.537541709,8.200706343,3.764152623,2025,4
3527.702851,5.848544053,44.21504056,0,7.357409356,0,17.76913707,1274,1
9252.963707,8.899678621,37.71370713,0,10.10949806,0,605.7935011,10889,3
2786.36124,402.5104518,16.63559546,0,7.716710714,0,481.8091567,327,4
8704.664885,250.8530662,36.75009653,0,7.484822003,18.3581828,289.0075147,1294,1
3498.460192,174.2420323,31.92319601,0.850017012,8.05434857,0,149.286933,588,4
3325.229733,44.84308028,37.36227075,0,7.775749583,3.670115912,51.00966474,434,2
2565.940627,0.194401066,28.83182916,0,8.94935353,0,1.7558806,4677,7
2778.91816,3.811070224,38.04068062,0,8.335871631,0.3,2.744316424,746,3
5634.863154,201.7072498,39.49440655,0,7.676376334,0,204.1598599,7908,3
4696.998384,246.2253924,39.87117071,0,8.506716025,12.46496691,110.4429532,6878,7
3232.443356,119.042775,27.15047705,1.022503357,8.725715504,0,95.81313754,736,7
7157.414397,64.8007372,29.53371189,0,8.315480593,4.799003401,99.81949962,1044,1
5285.637191,35.43556001,36.57744638,0,5.883042085,10.25382754,34.13166326,1377,4
3264.4627,34.12616523,42.95394322,0,8.768957972,8.860840561,62.4509679,825,6
2975.259639,5.388892112,35.82776277,0.023346079,6.777132678,2.051407488,8.038055062,1073,6
3683.858374,4.491304673,27.94162002,0,6.951417367,3.697407573,7.389630293,7364,3
3976.326074,74.16589346,46.14391114,0,7.570625522,9.64166626,96.12279899,1269,2
3353.557381,53.4332739,33.1034241,0,11.0037687,0.786507204,18.24269641,1413,5
2884.669274,2.997864439,37.55930115,0,5.136286838,0.27465213,1.785390188,1300,3
4694.613565,48.3423215,20.47391977,0.131186865,6.231521189,3.475662044,14.4242067,193,6
3009.282636,22.87959117,21.75022755,0,6.823605323,0,153.1971756,452,6
3195.332989,4.973398496,37.18541262,0,2.409018324,4.398617127,7.751477846,1566,2
4210.225615,105.1530434,22.39970732,0,5.707553958,3.116368417,11.63714038,1298,3
5053.041332,105.6620628,29.54417421,0.301258718,8.901020135,7.3,102.7061529,221,5
3144.108951,69.74382648,36.51471083,0,5.65536361,2.245797009,66.43333538,1545,4
4597.26647,83.11827395,29.31822269,0,4.479336065,6.896722266,76.34107653,428,6
5465.955942,265.7516796,35.82878577,0,6.290990829,0.1,225.4677307,1146,3
0,0,0,0,8.017988713,0.013480144,85.68702663,684,6
4639.748453,113.73165,24.14130695,0,6.186843663,14.78538798,115.1461991,538,7
5275.963696,188.587534,34.45273438,0,9.475837341,5.215398816,183.0266061,391,4
47.22999767,11.32811494,0.621074469,0,3.124767897,0.741689993,3.766480056,999,3
7947.229283,317.1596847,26.05582982,0,3.294513166,19.84640851,554.6273714,991,3
3456.232626,4.61617097,30.55979286,0,4.732828581,1.939246876,11.74500892,7255,3
4800.815841,188.298408,24.65325225,0,8.529038534,8.991495969,173.6069215,11953,6
4108.437112,7.68220938,53.93824487,0,10.6823684,0.040285707,9.327725466,3360,1
2567.198026,97.05834697,37.9977442,0,6.299930534,0.735927754,98.16098081,1168,3
6254.631187,160.6350364,52.06490784,0,8.513768079,12.57621848,177.1536307,400,3
0,0,0,0,6.467973272,3.76179015,86.91468704,711,4
2369.795293,44.18429553,29.16806772,1.240270606,6.680832546,5.517954382,6.628106699,665,2
4793.40491,16.41143367,27.46679058,0.501310468,8.454309122,9.120735795,19.15901983,219,7
4601.125014,166.3725934,23.83068687,0,10.84217718,5.187029019,138.7631875,9826,1
3115.618401,2.64192667,44.89515056,0,7.966282114,7.711137942,7.135963495,828,5
6134.228342,517.9317647,28.79759951,0,11.27975967,8.036421646,505.2127791,1047,3
2210.599929,0.350647719,24.84092531,0,9.289813579,0.008788163,0,4793,7
3859.317455,99.41048695,32.42926521,0,6.214579089,0.035248414,193.358457,1203,5
3043.626945,5.18693285,34.19702413,0,8.541493929,0.127169044,1.01963338,4771,8
3249.943901,23.37532018,38.02832641,0,5.954583831,0.031244128,7.442933787,6652,3
3500.604252,115.4011578,35.22450927,0,8.360765168,1.337634713,0,5094,7
6095.722612,75.95723933,40.08202557,0,5.72488352,18.79328256,131.5395244,1267,6
2257.74803,84.57055097,33.20675253,0,6.373195502,0.182630442,77.43077185,599,6
3715.435119,19.21296475,31.22194233,0.860251839,7.208850602,5.175232086,22.5733327,1242,2
2721.496748,19.85995133,27.42832845,0,9.382215377,0.192479846,3.298881001,640,6
4128.436844,218.4828677,44.86104599,0,10.7358345,4.501060942,212.1641188,861,3
5253.593399,467.8852547,32.41720101,0,9.230340344,0.889220568,406.3461378,6178,4
2941.173372,70.65293763,40.27485299,0,7.688577532,0.22475072,42.840328,540,5
3718.895609,133.6082737,31.25019415,0,9.639366262,0.370629431,143.3610626,611,6
3369.336218,33.92618632,43.26203279,0,11.41521969,9.305058714,43.41366143,1035,4
4965.093756,221.25758,41.72333974,0,7.514033047,4.666361636,122.1744195,977,2
4451.185389,7.706215442,37.40565628,1.272717993,7.208361171,2.822829824,1.957037784,1268,5
4802.815938,103.3499086,40.35933184,0,7.252362034,1.992988555,53.36508184,981,4
3181.264229,81.09344191,25.2036885,0,6.766581113,0.198593945,100.3327246,3735,6
3732.756208,24.41139662,31.36757616,0.644765453,6.094598471,3.903925976,29.99458211,1226,2
5937.601467,373.5636709,32.15305709,0,7.115377818,7.003618272,313.227268,1499,6
5593.652168,178.0658709,42.02304808,0,8.665675941,8.005721013,96.00412796,1272,2
1866.859535,67.09851237,17.37484228,0,8.96393044,0.520035586,19.03416368,730,4
4612.24548,116.8566036,36.21174756,0,7.513418629,2.751336157,68.79240662,665,4
6041.23669,154.0366458,44.16438884,0,6.091732452,28.25680351,178.9662306,429,3
2274.313896,74.89783401,33.16671963,0,6.20317812,0,68.1097379,594,6
2391.401702,33.89164972,42.30291391,0,8.900307107,1.424986891,29.49767626,1449,6
0,0,0,0,7.294885775,3.11375919,381.8549982,1264,4
5806.953732,13.46601857,27.26409334,0,7.125748102,0,25.56716976,8408,4
4859.704111,199.9697542,34.80966851,0,8.794098116,0.704956551,114.9074777,516,5
4242.613736,56.62945023,35.77712308,0,7.336591945,0.544785081,7.880911595,807,5
3238.650239,1.503930626,46.17830421,0,11.67728767,0.296285062,23.4615372,1540,6
7751.525885,400.8218015,28.70529429,0,7.430829013,7.309230789,296.3123001,820,5
6096.748986,738.9683268,50.85684834,0,8.396278915,2.161110469,733.194923,5433,2
5814.440049,634.2985033,49.47322132,0,8.652662827,2.217746158,609.6008574,5605,2
5372.253143,37.94668823,45.14802243,0,11.5067324,8.030885468,35.45446883,733,4
4537.676764,196.1004335,27.2179349,0,11.11626907,3.842882974,176.3992767,9911,3
4348.598496,10.04084634,25.26818011,0,9.374810173,0.914403073,8.671636622,768,4
0,28.4116581,0,0,9.690732525,2.318967968,86.22044728,821,7
2393.975857,77.42608928,31.59485208,2.196291023,7.353739267,9.782717763,9.785640928,719,1
6197.530278,247.8382706,49.47439238,0,6.652415836,5.725124697,228.2418121,1527,6
5203.496112,361.2025559,25.75274994,0,6.31342805,12.48461788,271.0655162,404,3
5431.162517,259.1122988,26.78473248,0,4.564390157,0.093462066,167.2650162,1159,3
5225.834564,24.12652294,37.56537851,0,9.013383384,0,14.85929303,1439,5
2972.754559,171.9793599,18.90718584,0,8.592094418,2.614906215,208.0773329,9417,4
4217.213348,10.06963498,35.43954139,0,8.70043726,0.356427805,99.98853045,1019,1
2784.148261,12.00829029,41.55433427,0,7.419474421,0.336412291,1.454350835,686,1
0,0,0,0,8.225033892,0,28.48969326,674,7
4045.525624,42.18275163,25.48310799,0,6.886251135,0.806741682,258.2136724,1511,5
3053.234438,59.96679258,36.01397744,0,8.227992864,0.015722374,33.93980282,7222,7
5719.011752,50.62613351,42.23818262,0,8.947285919,0.041360791,413.7717227,9926,3
3038.231004,6.857540308,34.13648615,0,8.562639794,0.171868178,0,4853,7
5233.098606,28.86377864,34.15421405,0,7.752151618,0.251007032,486.1304656,9715,2
5125.585323,48.49033795,50.81387542,0,6.608562503,1.030748047,52.85508487,2098,2
5953.946586,341.2461815,50.02842678,0,8.14281858,0.007109883,336.2890117,7579,3
1896.312736,130.9900449,15.93833904,0,9.561625509,0.420032427,89.5756259,831,2
4023.086588,108.6504941,46.76522448,0,7.680145749,4.449260834,90.63975453,1291,5
4297.718408,228.3454497,34.94764938,0,9.899928426,24.42586981,221.9551573,1182,6
3711.245765,32.11593813,31.18677755,0,4.85267145,0.063339441,58.28565276,1183,2
4764.128134,120.1604674,48.79123722,0,7.718524357,4.984872094,182.1513018,4006,3
4851.072584,95.90971365,24.67662107,0,9.87002602,3.897840897,316.239562,9854,1
1243.8758,115.4005102,14.53368623,0,11.05088652,6.744507607,107.9665341,1330,4
3296.315687,24.03982169,37.0363192,0,9.669608774,0.093894348,17.92246157,1049,7
5245.890786,433.6779644,42.56210779,0,7.508779106,2.510559905,454.1468153,694,4
4767.567104,262.3988609,34.41780462,0,7.486395042,2.756501366,88.47480191,1599,4
2793.274412,115.0520459,30.17482576,0,9.214305137,10.74319902,84.50193824,966,1
3376.769651,79.57525384,40.02951345,0,8.014767882,3.000501556,76.96129349,1022,3
5071.625314,290.1384003,42.61878224,0,8.155980125,5.994182513,169.5853783,902,2
3252.300157,23.95335973,38.10247284,0,6.059071936,0.029082424,7.142456986,6639,3
4078.057209,210.5981439,33.91395147,0,7.002558428,4.164177202,177.5695518,1322,7
4298.110211,224.0716279,34.68490948,0,9.916601958,23.38295243,217.156861,1190,6
5480.692736,256.8531914,45.75623367,0,8.140599992,0.120484173,272.3383611,1144,5
2858.480481,85.18513296,40.85316924,0,7.628211236,0.462680941,21.39261805,552,6
5940.472293,208.465043,25.32635313,0,8.315337543,10.16002019,498.6168709,1623,3
4387.341873,9.828392405,29.49753985,0.539868982,5.990974569,1.043545285,4.472318549,1116,2
5575.58217,204.0387509,41.33159165,0,9.749445481,4.953158262,131.5384761,1133,2
0,0,0,0,12.06336384,0.249072526,115.2707649,10122,7
3549.878178,41.70124382,46.70705609,0,7.653982596,0.852383991,43.23601619,6277,6
3174.687047,72.77301059,40.88520333,0,9.994410212,0.120239579,78.50509175,1531,6
3208.265089,37.23310092,35.95362371,0,8.137593812,18.59739569,56.7424294,758,3
3648.208817,23.81602688,35.87840069,0,8.12181108,2.655283752,54.34024826,1180,3
7639.522633,140.2308271,35.8671693,0,7.304028907,11.56519557,243.1655044,3377,2
0,0,0,0,12.06510925,0.248401885,114.9603926,10121,7
2488.960412,12.21038371,33.09962603,0,7.623277131,2.542458082,10.12188479,2884,4
8188.039,262.3933654,44.27790908,0,11.42971931,4.049226007,91.40553589,1358,2
2887.020524,3.207585002,37.48606263,0,5.154972182,0.346845095,1.834120439,1300,3
2791.376701,8.798643456,33.49822963,0,9.678256397,0.3,12.69377357,901,5
2964.760981,12.03564674,31.62206209,0,6.546184597,0.320881425,17.17560354,574,6
4293.264164,93.51485959,32.47470535,0,10.1600942,4.671425172,81.69966688,1318,6
3138.635336,25.40342661,32.44129635,0,6.140064496,0,100.1968911,429,7
5307.526022,128.1460707,41.94631134,0,12.23452291,0.316246769,254.9611753,724,6
4299.571518,208.1315465,33.70496797,0,9.978789263,19.49318144,199.2606457,1219,6
4262.87243,142.2834722,21.39683594,0,5.807427909,5.516689673,60.39268678,1283,4
5970.040824,218.5923038,50.16516996,0,8.209899542,0.152380378,216.3528358,7761,4
7213.854789,96.38407726,23.6519831,0,3.319642771,41.88369405,64.81242169,831,2
2957.004334,9.449814817,35.30615404,0,5.711132296,2.495633328,3.284552496,1297,4
3454.644073,163.9050244,32.88916045,1.299182998,8.175012521,0,121.1152424,594,5
9.568689098,2.29505008,0.125828262,0,7.842369226,0.533490412,30.85465671,1037,4
5082.516279,27.36828851,38.1765024,0,10.04469823,0.04855462,9.977974508,1594,3
4773.477785,159.4796563,18.39639436,0,6.996687009,6.870356972,119.7855803,1090,2
5180.36824,301.6650918,33.45575434,0,6.993011756,16.36705396,255.7304544,1022,6
2807.241,1.636793253,31.35813234,0,8.714268282,0,4.441040693,4606,7
3128.671828,188.5896935,18.10193134,0,5.178989167,2.697548377,320.8752669,3296,6
2586.09778,119.620804,36.19176765,0,6.004061876,0.718427981,120.6831883,1209,3
8811.264376,392.3429507,30.05854286,0,4.244784547,3.373970628,406.5764953,733,2
5984.210416,363.5030644,35.44165752,0,7.13654665,5.892507112,310.0382347,1522,6
3143.032765,268.4477656,24.27985518,0,5.794232816,15.49132534,66.99465666,6121,4
3144.666002,41.7336487,40.13410223,0,8.987129326,4.769767145,15.92049772,1448,6
4527.200035,119.3978568,38.04368693,0,7.852049754,0.5,216.0320582,1387,7
1080.319932,4.465203196,12.13963151,0,10.78066007,0,10.44472854,9574,2
3023.598531,102.9937501,35.99602792,0.894474094,10.79103262,1.431425226,9.991413517,726,8
2956.58584,694.5126167,12.87920017,0,6.323931467,13.84177731,140.41538,1415,5
5262.009123,322.5268187,41.04053087,0,9.803477015,0.378658783,484.2207365,769,5
117.3590008,28.14855634,1.54327086,0,8.345880788,0.745474504,10.8846504,1215,5
4474.404756,235.215414,22.3579967,0,9.637615656,7.084531305,225.398852,11468,7
2802.678172,0.309880176,31.49068025,0,8.724420832,0,2.800502487,4610,7
3829.270728,31.47902976,38.05779814,0,4.073356846,1.163895779,40.51978252,1196,2
3644.229531,135.3765413,36.61246677,0,4.793894561,0.534454018,114.3041675,3108,6
5431.862372,280.5229619,25.68017127,0,4.48649611,0.345382561,184.7324039,1156,3
5646.624881,359.9031384,47.45119644,0,8.658253349,0.441451478,185.1395521,7962,1
4164.915407,339.1468169,32.44134849,0,6.97633562,3.721006962,190.3410952,11438,3
3197.279766,5.159353307,37.28075966,0,2.46341217,4.352704493,8.132552709,1565,2
2866.315495,11.03127987,34.19040371,0,6.64446668,1.366513181,10.16224543,3177,5
8577.667152,300.8207884,24.94739324,0,3.194047287,9.985790906,494.385914,742,2
191.3835504,45.90334456,2.516693687,0,9.122123663,1.148301302,0.336952365,1079,7
5029.590092,111.9916378,36.3762414,0,7.748333835,2.448437267,67.79082438,9310,1
4297.488867,261.2110523,36.42619098,0,10.73289984,2.996164197,232.0112042,4349,2
5817.120899,13.67505817,27.311814,0,7.126358922,0,25.74828495,8409,4
3923.506494,804.9751152,11.41260435,0,3.84090842,24.33573054,588.9586419,1004,4
4035.035417,286.7396815,35.42838905,0,8.07078355,3.096667494,5.468906651,5593,6
4138.793178,177.7832313,35.49423286,0,5.579234628,4.349843746,153.1317569,1004,7
3975.518394,84.37127797,44.25209505,0,7.429788522,10.33087522,109.7204253,1270,2
1925.237735,1.000634156,25.6502314,0,11.38557264,2.815415974,0.633428961,579,1
4272.615727,18.94085272,34.77869006,0,9.762249361,3.835370334,6.552407663,1308,6
4150.728415,197.3890546,46.49059592,0,10.76816265,0.496246012,188.1151966,917,4
5830.033896,393.3198928,19.12164769,0,6.74653148,2.018094234,377.445428,1369,7
0,0,0,0,9.175356428,0.744571271,32.48152376,864,6
3811.612347,89.65297223,32.02904793,0,10.51448217,0.546913463,99.09977749,656,7
3184.865456,32.50209038,39.97170728,0,5.972495468,1.32537839,43.17419798,3139,3
5309.350264,218.2569847,39.21712952,0,11.96777526,0.643332799,489.3377674,816,5
3747.553077,59.80269739,38.26175164,0,10.76467538,1.106075866,66.91465118,560,6
5634.062481,65.77617757,28.85676687,0,4.675448711,1.052570902,58.98803314,603,1
3214.63904,4.562713799,42.30022854,0,7.973899575,24.7620085,24.42950857,753,2
4523.769331,103.8631993,38.01507411,0.471013999,7.656185493,1.143964452,95.18763039,1330,6
2991.898593,20.32947501,28.58914142,0,8.333243731,0.164854086,32.1152213,553,6
3660.525873,3.448081588,47.96978625,0,10.76941687,1.886319761,5.57547727,446,5
3045.012105,45.70735155,28.74479337,0,8.969404807,1.45396561,31.64904801,1328,3
3598.007384,178.512941,31.22166625,0,7.736130909,0.070540888,186.0581618,680,5
3320.488145,83.39974883,40.13499352,0,6.507920788,8.070319056,92.71564195,354,4
4602.406319,69.67993861,25.47452101,0,3.755424854,7.361429774,68.9458519,322,6
5366.1522,140.6943494,35.94123666,0,5.987742937,0.045367699,95.65250435,1247,5
4003.950014,34.62465706,25.83262672,0,7.218670945,0,275.4343624,1468,5
6597.588914,375.3292406,43.23150836,0,8.5135031,4.179018742,76.39837359,7823,2
5528.786929,233.2766184,44.03067886,0,8.891809482,2.236015255,211.3545519,1139,4
4647.594671,427.9419436,39.0549711,0,10.60457124,3.02331622,433.0427588,1292,6
4632.282704,216.1074355,40.22217255,0,8.908703153,9.482096881,86.63186902,6752,6
2294.674528,44.891652,34.24853524,0,8.310725957,0.233256335,42.08406686,641,4
7629.339941,358.8320901,25.22837231,0,4.700179087,12.39385341,345.4594486,792,1
8727.709289,311.5210824,26.40765233,0,3.817828143,3.990040005,472.9424262,563,2
6096.920967,339.1743349,43.39420695,0,7.18773748,3.205599233,302.3264601,1577,6
4302.622786,74.13759223,36.15689837,0,7.125524642,12.55535132,405.2876813,1672,2
0,0,0,0,9.63937991,0,0.36785241,421,6
3388.296425,88.09711997,38.07062683,0,8.751106316,2.208128174,83.72798941,1033,5
2988.724403,60.04890627,36.27775019,0,10.06853241,0.890756263,45.66262635,1420,2
8191.065622,246.5953219,44.92823325,0,11.26335832,6.129438817,112.82681,1971,1
4189.438289,40.88574941,53.38221723,0,10.63542793,3.564755747,3.611974137,531,7
5445.059959,218.5989848,39.73763294,0,10.94707864,12.37377405,283.1143019,683,2
3600.992553,175.7677766,31.42390103,0,7.719997088,0.083204798,183.0884749,698,5
1898.806647,41.67656092,22.5961602,0,7.572819614,0.284792359,13.54515504,756,6
0,0,0,0,12.4073783,0.097205179,58.11766805,10034,3
2640.297995,117.3438042,24.70373881,0.170273949,6.941062519,0.052014281,110.5663435,1414,5
4917.312754,327.5561509,36.16027694,0,9.509989944,1.49969331,243.190662,6295,4
5900.159501,330.9479796,29.2613463,0,7.252976305,9.082967358,332.3083759,1461,5
6210.942139,371.3344079,29.15588679,0,9.796738206,7.324025331,476.9543411,800,4
3364.247614,69.2383338,28.32379018,0,13.15207139,0.598080228,10.9974403,1356,4
3971.534717,134.706704,34.9212003,0,6.735146356,13.73022057,176.7872088,1277,3
4281.390325,138.4283264,27.04198072,0,8.806054164,4.543664792,97.37173014,1317,5
1333.886504,57.29687025,18.54743676,0,9.645834857,0.012850959,12.14286953,1004,5
4434.136026,237.9679236,39.27712948,0,8.304735834,4.541435259,175.5016372,1146,4
3343.73271,104.0251492,39.09728973,0,6.650106961,11.12116818,115.4413548,328,3
4033.092236,386.5714616,32.05427951,0,9.884215839,25.31161,399.9160867,501,3
5586.6587,177.8406669,42.96896437,0,8.094714456,8.226567384,106.4575229,1317,2
3929.685991,162.0048582,28.37012317,0,7.087920851,8.090434433,266.9817056,1247,6
4600.392907,201.2662793,40.39513491,0,9.106789422,8.012234901,74.89853599,6690,5
5832.543838,392.902327,19.49395738,0,6.759150711,2.229099841,375.2339796,1373,7
3699.543472,86.87700269,29.40217551,0.484576219,5.076801847,5.915707719,83.64401648,10379,3
8357.83104,329.5222927,37.07277328,0,8.706438075,14.87501637,153.9755175,1589,3
8676.796413,571.328727,40.47241948,0,6.155875776,0.957684927,317.4282702,959,4
3290.575957,13.88088913,38.13480055,0,8.049012061,5.129456107,20.30397582,529,2
6107.335765,80.49194644,40.82097361,0,5.573415664,18.9122831,113.1241907,1263,7
2973.000322,48.60878699,33.4052264,0,8.997717099,3.325902635,17.07730673,699,5
7499.701613,305.0294984,26.87583615,0,5.38195425,10.88939683,337.1621657,883,1
3034.283312,10.31602652,34.95160008,0,6.199065136,0.817959739,9.899893788,3281,5
3061.255814,90.81770286,40.28187529,0,8.291972366,0.451070837,61.38363571,2889,6
4447.4281,38.12101748,36.04442612,1.199639078,7.399316682,3.169360936,30.09361075,1274,5
8906.261259,282.046581,40.96896948,0,8.966064529,21.77346599,252.8726522,1541,2
4185.30571,52.98415927,32.8166064,0,8.00558867,5.186207183,13.73869767,676,3
2778.278434,75.16505027,41.46476661,0,7.526468962,0.598332832,0.40666867,599,5
5110.078569,532.9909671,20.49988434,0,3.522175976,18.14171925,341.9858011,544,4
4195.453184,60.48580224,35.25570242,0,7.450799038,3.062213468,11.55385285,728,4
3211.238137,14.957106,44.66813105,0,11.00854459,2.237382174,18.62917062,1521,7
3270.548786,26.90062979,43.03330423,0,7.382875811,2.851513201,26.45531229,1519,5
4714.263664,129.8465934,22.8048758,0,10.39145064,5.257157458,186.7588998,9803,1
4938.311058,50.3164739,60.54943248,0,7.783050423,0.176631627,36.29779925,1679,2
5136.498881,527.1787463,25.72766022,0,4.142324287,14.24075826,380.9263791,584,4
3903.269901,135.1003589,32.28535512,0,7.983892618,0.891158489,269.845506,1221,7
5408.655534,114.411413,37.55047269,0,9.944942336,2.754846212,176.2516887,9830,3
4300.861055,194.0651672,32.84021525,0,10.03366666,16.06063976,183.4680695,1244,6
3352.060073,51.08071123,33.81403744,0,10.68537028,0.81390535,19.30665774,1421,5
4502.017089,212.572667,43.84623587,0,8.864200577,0.563221264,160.9505228,1191,4
3303.055645,67.93151815,40.91323012,0,6.401286809,5.782303449,75.67226039,373,5
3310.075955,1.723390695,37.50312185,0,5.879859047,8.639479137,8.326648969,814,4
4540.511975,173.3983601,40.71991428,0,9.47874509,5.252207685,52.86631873,6574,4
4388.323604,299.3739015,36.12210318,0,11.62160952,0.417576977,281.4276967,10254,6
2568.589669,59.117302,30.5628942,1.248939869,9.168766794,2.051418079,56.6962469,2056,5
8471.73066,243.9884452,43.51789928,0,10.53667732,13.57915092,139.790915,1471,2
2155.362357,96.54668783,26.08182245,0,8.15940479,2.178728112,104.3505131,662,2
0,0,0,0,8.529060665,0.046496931,165.2544775,1502,2
0,0,0,0,2.736348368,1.662187361,11.72834732,979,3
3167.515519,187.1867666,12.81376237,0,6.703116909,1.116654018,275.3439794,3854,6
4189.857386,29.94862296,37.53748846,0,9.195839784,2.138483624,28.14922378,739,3
8654.438216,316.020399,40.63058801,0,8.208929037,17.55629568,255.4294441,1381,2
2349.987703,47.16788269,30.9218167,1.337359729,7.699564139,6.314411857,30.71749786,699,3
4513.049101,75.2913489,37.92520155,0.78475096,7.348576207,1.572901703,67.47011375,1309,5
7763.132675,127.9656858,45.11966657,0,4.69493729,12.89672003,223.469571,10527,3
5382.009057,521.4727996,30.98783074,0,9.123550411,0.656099037,468.6504008,6133,5
4601.574534,69.81462774,25.5901817,0,3.728634862,7.44012641,69.75076661,324,6
3141.713621,41.10756562,39.75265064,0,8.806990298,4.430738703,17.13870161,1438,5
5379.478355,315.8533261,45.20645339,0,9.717599883,0.354857573,259.740201,7590,1
4700.442211,154.0442041,44.96894684,0,7.993663639,2.135641759,189.7422442,4497,4
4293.443842,39.66840166,41.77888376,0,8.49400701,1.918847325,39.13819457,812,7
4410.056524,5.661806487,36.79423177,0,8.290720244,0.313915371,6.937107656,904,2
0,0,0,0,7.896111036,0.070581772,102.657975,1466,2
4775.720003,495.2105501,40.13176604,0,13.26146157,2.214890742,533.8433105,1129,7
3078.914971,51.21244962,34.59589495,0,8.398205389,1.274895041,58.58114472,1331,3
4414.229014,167.0845516,35.56807054,0,8.089601979,0.114044047,157.4367699,3019,5
306.4817045,0,3.443426187,0,10.83341229,1.458504158,203.8669681,10616,7
1948.694856,91.11856735,24.36981707,0,7.319694312,0.036740207,82.14394336,875,5
3795.060654,99.11078072,32.03245145,0,10.59907032,0.579622658,109.1962243,646,7
2983.63716,65.32419487,33.6835716,0,9.810987127,3.867267135,18.41741703,724,5
4298.036019,218.5449887,38.01721467,0,9.132045612,2.79504946,16.11368256,6028,4
5481.285911,241.1196332,32.88472894,0,4.879410591,3.222463885,166.8693394,1268,2
5259.844141,35.10619437,25.95316645,0,4.12191568,20.06113485,121.9084954,1498,1
4103.482777,199.2893591,34.48261597,0,5.596414351,0.061640899,172.8887034,3102,7
6207.022907,604.0372548,23.9120312,0,7.166041776,6.593073218,540.3932338,604,3
0,0,0,0,8.277794882,0,121.7334133,1405,4
3578.481689,17.19954318,31.62343344,0,8.34893348,0,63.36181883,1202,3
3480.510655,83.03841649,45.79628676,0,8.29374566,0.266073509,86.89568885,1171,5
4203.49041,191.5763303,35.32292459,0,6.591447959,0.038068607,170.1778898,3106,6
2970.816299,13.8862799,30.94531507,0,6.944937836,0.286066457,20.50913676,569,6
3281.040487,12.74240232,39.65040019,0,8.686407343,1.153144884,8.968165221,1034,5
3001.159002,38.6566561,33.81482705,0,10.23587038,2.776804746,29.12116026,1180,1
5235.924862,379.9779375,42.04519774,0,8.610981057,0.232827359,481.4013289,744,5
3387.959144,41.65602728,44.16268309,0,11.54577401,10.69654061,53.31578049,1032,4
5935.163453,396.931662,29.3268388,0,8.174888594,7.204893415,347.1737296,1413,5
4084.657038,581.4402018,21.80757995,0,6.387376457,26.5766007,448.7071497,1058,5
3769.788639,33.86500026,46.87124567,0,7.462283997,7.725601429,26.72906178,1154,2
2505.592649,13.34085225,43.20405773,0,7.326315233,0.935225278,14.28464209,1050,4
8887.99102,25.59862476,43.27855864,0,10.03405737,2.500896503,590.976418,12000,1
5857.336572,408.4926402,18.1366047,0,7.724469218,0.902084746,411.6474784,1297,7
4903.159016,74.72177092,60.0850538,0,7.312294745,0.944303015,60.68757435,1703,2
0,0,0,0,6.405019234,3.854252026,26.14668534,967,6
4633.29074,60.00128419,26.89016953,0.095781219,4.389687781,7.971778823,64.39912641,310,7
5070.20696,443.1900772,29.90132642,0,9.746916033,0.849953248,433.7674605,180,7
2964.601938,33.04192732,33.31161388,0,7.715945013,2.208971037,14.22292598,655,5
4201.537679,229.0122486,37.99140555,0,10.72038375,2.420301792,176.417582,4353,2
2728.157134,5.208898716,26.73655289,0,9.850121212,0.159861034,4.229235686,709,6
5193.650982,382.3604648,25.08915228,0,5.968864161,13.21185276,280.1780855,421,3
5196.799744,303.9124338,35.60333952,0,6.657531791,3.696230303,269.657743,1171,7
0,0,0,0,6.861354349,6.345676453,20.92899568,554,5
2759.171896,3.961585624,35.70198992,0,8.21570012,0.229720118,2.408218645,683,2
2955.200857,47.9595659,29.67334579,0,9.51218275,0.187100352,35.09699017,540,6
0,0,0,0,9.609396323,0.035809144,267.9304406,1535,2
0,0,0,0,7.12147489,2.177800778,87.23041601,699,4
5912.891321,361.7922497,49.68545902,0,8.028558378,0.204175057,254.3907719,7842,2
5522.43405,220.2349437,46.40573855,0,7.136055637,4.18815593,216.7295451,1303,3
3540.97351,171.2164376,49.227232,0,10.431312,0.516502469,145.6815181,1444,1
5339.635327,182.5824589,42.3026418,0,11.08197099,4.238516077,204.2298466,653,5
4165.090097,444.361271,32.40046627,0,8.683343443,0.338822019,474.451447,742,4
0,0,0,0,8.948130773,0.571445615,1.871691434,480,5
3905.433985,111.645163,42.88935087,0,8.773048977,2.287263658,103.6621235,2629,8
3191.556291,287.5364449,22.31389404,0,8.361783392,1.652715265,139.7184989,819,7
3987.630709,86.37365922,33.50923902,0,6.764137672,4.893583867,72.79990847,1458,5
3596.957913,179.4780361,31.15056821,0,7.741802945,0.066088741,187.1021903,673,4
5306.323518,224.9234534,39.33370828,0,11.82940133,0.626410925,489.0106112,813,5
4169.649584,0,31.10083073,0,6.894838203,9.299706615,368.8518415,1666,2
4671.311178,313.7442553,39.25360001,0,7.588897603,1.488941118,59.09235062,1412,4
7021.258069,97.532969,30.87883554,0,7.403374581,0.267186165,112.3732566,8125,7
1542.623938,8.014364395,20.29636214,0,8.889109404,1.694501477,8.304874036,3510,2
5844.988595,87.519536,49.11667514,0,8.514083024,0.156778354,179.1383968,9665,4
6207.037346,309.2857541,29.13786468,0,10.17879211,5.31155538,459.3377199,776,4
3507.03966,28.91945201,46.1447647,0,7.540251543,0.08397113,34.40467821,1249,2
114.4359584,27.44746461,1.504832852,0,8.593848078,0.900525854,13.91859272,1055,6
4236.584474,14.82365972,39.13195237,0,8.692278839,0.741716871,83.39477676,964,3
2784.712547,5.936811912,41.56294472,0,7.409188665,0.311232961,1.555068155,695,1
4665.74847,191.1608244,17.64022809,0,6.784991327,5.906632493,179.297698,1078,2
2992.699909,30.59084982,27.03529387,0,8.309555378,1.810177558,5.134156185,1317,3
186.2845703,44.68035419,2.4496421,0,9.07189616,1.117707422,0.477174316,1084,7
3573.205907,47.55135957,46.9707063,0,6.497868733,0.000696781,60.99132592,6416,6
4906.080017,158.3087864,41.2271779,0,7.313061677,3.199198772,84.20783762,1010,3
4475.810528,152.029179,34.17713672,0,7.953504455,0.256703926,146.9750455,2905,5
3160.689225,194.7028017,12.35014317,0,6.501869202,1.351307906,293.3412215,3802,6
2944.578216,8.341462987,35.69321215,0,5.612382154,2.114100856,3.027018078,1298,4
0,0,0,0,6.304642225,3.550963281,24.48073159,1024,6
3025.937198,51.93661048,27.41794087,0,10.23223836,0.428320132,41.56831109,564,6
8924.95545,360.0663422,28.22809258,0,5.755263283,4.890521157,632.4663984,10668,5
8708.047289,251.6642813,36.51747218,0,7.404406174,18.10209054,292.129265,1282,1
2514.598129,16.79709794,28.25653397,0,8.321276154,0.016514066,11.09372347,9147,4
3241.708819,71.65039947,23.69350364,0,8.736847876,0.6,68.28730934,1340,4
4310.736145,142.0454145,40.41436633,0,8.735847924,0,131.9576698,3167,4
4526.436121,117.7473832,38.03727375,0,7.836006675,0.5,220.8116221,1389,7
5179.239752,134.6775617,33.354605,0,8.630936964,0.140314656,150.9874192,7896,2
2544.136477,14.77222354,26.93883998,0,6.689084922,1.886703192,11.05388278,12341,4
3633.515077,0,31.88821413,0.697085154,6.970043043,1.928128172,4.690939575,9587,3
4301.474505,173.7257809,23.0267013,0,6.118389064,8.151434435,110.6366567,1265,5
3176.587427,71.17473803,41.25553764,0,7.544277138,0.308976218,71.68719571,3224,7
4705.387983,474.4650335,24.10008257,0,8.058203043,6.863764159,256.4200048,11940,3
6118.889864,267.3250293,45.55066798,0,7.868282295,0,265.5104607,7793,4
578.535945,52.87972364,6.7058202,0,9.239934501,2.230667177,34.58050192,1125,6
3268.334669,26.69119571,41.83854375,0,6.491093256,0,30.42191047,432,6
8234.051586,16.73648373,35.11635007,0,8.988440532,0,389.6074267,9958,4
5653.632528,151.310646,45.7990995,0,7.323905233,7.302193362,90.63042377,12092,3
0,0,0,0,2.895567034,0,222.1209898,4110,2
3976.438951,2.759164659,56.03639439,0,8.325022561,4.877409797,1.064458782,1297,2
4997.367606,275.5331553,41.99521742,0,9.482355995,6.23415979,225.2844218,7169,4
143.4205833,34.39942692,1.885980671,0,8.649664456,0.8605235,1.655933958,1131,7
4867.131768,199.7977972,33.08381484,0,8.623229851,2.049589773,119.9746061,492,6
166.1146599,0,1.866680896,0,2.001811596,0,192.1404152,4675,3
4614.199599,67.77027661,23.8346497,0,4.135261226,6.24564575,57.5335346,295,6
7524.730513,223.6029731,34.78125439,0,8.407097032,6.715074629,442.2189501,787,4
6010.502258,444.7260754,25.09507444,0,11.12613032,3.099859683,459.0644727,1182,5
4057.985607,158.3206298,31.32846532,0,6.830777122,3.027869122,205.6650476,1383,7
4822.583335,265.3399611,40.52616374,0,8.738179295,11.10655198,158.1897768,7018,6
1584.916182,178.6221328,16.71163254,0,11.51118444,6.278771261,157.0522008,1304,3
5287.293072,78.07756276,29.15470557,0,7.257827994,0.100179987,38.10348485,8341,1
4056.805817,407.2395941,34.0908029,0,9.750144024,15.12545578,435.6251102,649,4
3884.526997,99.84692217,43.79410883,0,9.161104624,2.468097045,94.56864421,2597,7
0,0,0,0,8.95224021,0,0,523,6
0,0,0,0,9.04839695,0.968472657,10.65319922,773,6
3972.590271,458.2752815,29.33829301,0,9.179683777,29.11663055,429.5354102,583,3
4176.445186,39.00561827,37.71035437,0,9.120732466,11.41457142,18.02359923,1021,1
3768.296461,73.23511148,35.94779138,0,10.76354523,0.920100698,81.53516048,587,7
0,0,0,0,5.883414646,3.902730062,26.13183611,983,5
8052.890266,574.5303461,39.00660736,0,8.539888445,1.901482941,596.8254154,5994,4
2513.000847,703.781447,15.05800521,0,8.932865489,0,704.3811245,265,2
2974.584062,665.6401495,14.56286364,0,6.78801754,15.90965815,188.4744626,1400,6
0,0,0,0,7.892292426,2.385434554,61.6719958,765,5
5983.635785,17.50955059,49.61775047,0,8.373892259,0.389115783,20.81972136,8059,5
5057.343397,31.37419035,42.08198601,0,9.649898429,0.070912114,14.5724395,1609,3
4406.365415,60.11809524,54.79890996,0,9.529589542,1.527239096,113.7158516,3719,2
5773.812544,305.9194196,35.868581,0,6.631406412,8.34406143,253.6313998,1486,4
2680.246646,27.10932527,33.80151736,0,7.44024678,0,14.44511385,6949,3
2800.079078,10.16902256,34.3579572,0,9.502134865,0.3,15.44041744,923,4
2976.376639,170.9538674,19.01168313,0,8.581821818,2.604555988,206.4034711,9414,4
3059.833528,24.41641596,34.38425389,0,6.323195025,1.857645295,19.90073682,1307,4
3806.505038,13.52048149,30.42369788,0.335924646,8.937699113,0.546677824,18.11286693,9396,2
3199.616558,151.8421857,14.99395789,0,7.649495649,0.01318082,190.710929,4102,6
2497.179643,90.34920751,38.78438787,0,7.209137814,1.096023452,89.13272711,1343,4
2135.244382,37.46509268,27.54066978,0,10.70313141,4.461477797,41.07545406,652,3
1942.738638,10.13871796,25.32688539,0,11.60005119,3.03732174,10.01061345,567,1
1415.02191,298.1900222,10.15808892,0,8.53658908,8.711953868,473.2314412,1170,7
4486.345705,261.6249676,46.31232747,0,9.022280776,1.149329684,182.4822491,1105,2
4233.804563,0,34.96102846,0,6.889072565,13.93728463,414.506917,1719,1
3353.726492,112.8928461,38.65113876,0,6.711238568,12.43285206,125.2120612,317,2
3268.146314,6.473797692,43.00289521,0,7.573590828,2.829262878,9.151268741,995,3
6135.970376,519.9704215,28.80571898,0,11.22240971,8.178447909,506.0425115,1044,3
2974.414222,13.6024325,28.09156089,0,5.8527021,0.232879906,78.32813874,523,6
4130.462889,405.7162974,34.70970279,0,8.589650092,0.78974985,437.0419544,831,5
2760.106286,133.4794742,34.68396698,0,11.27484994,8.469147107,55.68703762,960,3
5155.205155,3.699399725,24.97650149,0,7.05212809,0.023855158,15.04504757,8400,2
4150.923601,194.1966264,46.57024193,0,10.75659236,0.524095036,184.2043013,919,4
2948.819718,13.31301949,36.15377592,0,6.116230476,1.953076667,6.687177781,1104,7
5534.619318,166.295489,44.93094824,0,5.66655512,10.42443771,139.3445959,1492,2
6313.195281,169.0452913,35.11221675,12.86608853,4.390897655,17.74992855,145.5856117,1122,8
4546.292343,364.4820867,38.20403854,0,6.436460967,6.31822631,256.5853067,1230,1
5260.54442,210.3834464,30.61464253,0,8.775785191,7.059574792,203.1208181,294,3
4744.429205,464.852045,37.87194662,0,12.48883599,2.316128045,503.4355587,1117,7
4023.526534,391.6663986,33.81095987,0,10.04494263,21.97750677,414.6564592,578,3
7254.615127,89.28626031,27.60709458,0,7.912918866,5.928927537,62.22867735,969,1
4287.207497,141.1776124,27.79834323,0,9.152168568,4.705782718,106.2955851,1319,5
3160.409398,8.405496193,36.4684264,0,2.751832078,5.326361128,2.742694668,1558,2
3514.121511,33.28456373,46.23761981,0,9.199382199,2.019163608,18.50926353,6094,6
6187.566649,222.7541668,48.37294059,0,6.420599839,7.886526189,202.6348924,1483,6
3282.622727,41.40753382,32.56838197,0,3.336238786,10.90684915,8.231631278,737,6
3706.706757,170.5377316,35.78610897,0,5.12266873,0.161366588,146.7701225,3132,8
8571.817565,320.4039836,32.97313855,0,2.428855874,14.7398271,361.7863345,10555,4
2849.239912,96.09026381,36.55694228,0,9.408958514,0,91.30917487,1449,3
4667.166336,57.20865087,18.89252806,0.040642475,5.68825485,2.733246532,17.03023666,200,6
3949.652556,182.3405874,25.41080042,0,6.410701808,13.53199737,264.817106,1268,5
3010.692037,1.490265582,39.40363566,0.208052924,6.23585926,0.103017655,1.203760592,1082,3
4662.375514,115.7170816,53.12076934,0,8.428716555,2.655915517,199.263254,4114,3
3597.31773,186.8273145,30.22904142,0,8.036172849,0.042956707,195.7340863,580,4
4171.231994,25.52056593,35.84811146,0,9.500672697,2.147884036,21.98996173,710,2
5231.568802,242.9808516,33.07187645,0,10.53622571,20.70092003,377.0176275,858,5
2902.435437,33.3194576,35.45502247,0,6.175042725,0.483253536,6.935886849,579,6
5205.814309,178.1570285,30.19469014,0.09266739,8.810232644,7.3,174.2959809,267,3
4403.568063,229.3754603,34.02326089,0,7.642533461,7.168369553,175.8359743,1181,4
4649.018188,23.76812549,57.01743005,0.163382798,6.154501816,0.530794467,14.61249367,795,2
3458.962191,122.5165187,45.05839232,0,8.811511204,0.593080594,124.7483648,1107,7
3208.191918,35.08134029,36.31490291,0,8.121075578,19.09495489,54.5363397,757,3
7044.841654,24.01760496,33.07644974,0,7.826187816,1.363903696,42.08436976,3320,3
0,166.5105167,0,0,10.45937792,9.734170171,391.5260749,859,5
2306.844492,0.546807786,28.40685947,0,7.294084619,0.510125603,35.87152546,638,5
4180.195714,195.5057869,35.12519177,0,6.465470646,11.11630007,175.6429499,1047,7
5408.777291,89.50167415,45.45029788,0,6.719475839,3.721656088,77.05409162,1397,4
0,0,0,0,9.360467508,0.91441654,24.71967529,811,6
3104.735849,56.27412326,34.88572343,0,8.503215447,0.247169837,66.03396815,1336,3
5244.410918,42.2302586,25.21140091,0,4.490011998,22.80099902,38.53815912,1460,2
4345.895928,150.2309699,41.7683982,0,9.050958828,1.233468386,96.92066306,4555,3
3092.602892,313.9847081,30.07277464,0,8.737264859,10.71547201,232.3628713,1442,6
2291.557511,4.902466801,26.69070077,0,7.195611059,1.149022426,7.196089705,609,4
3585.107009,190.3761414,30.34771066,0,7.805853053,0.01581393,198.8916333,599,4
4166.778364,61.66781651,37.29766462,0,7.747125218,5.545336304,21.7976403,686,3
2919.738659,27.25694422,37.10953345,0,4.694510442,1.757345736,1.748014113,1207,6
3443.24682,40.52129706,43.43565829,0,6.9522652,0,34.84029086,6431,5
5606.18962,83.28576155,38.25991539,0,6.636244596,32.93341716,103.9679686,594,3
2915.644502,11.88895566,34.15131109,0,6.172402342,0.617759955,2.806102769,1306,3
7950.026225,329.0529116,26.74864973,0,3.971057739,18.21166926,529.6447305,981,4
0,0,0,0,7.772127439,0,3.630629059,703,6
2987.579462,1.906432647,39.31163173,0.188188916,6.442206739,0.038626505,3.254497919,1068,3
3504.819969,25.27631433,48.21819189,0,7.569976577,0.376082519,39.91051898,1327,2
8787.740799,270.7774861,31.03656236,0,5.509712368,12.06824854,365.6814619,979,1
5125.218574,490.0035752,29.62507685,0,8.460492074,16.30136417,480.3507614,1355,5
4285.656529,111.73421,49.70464142,0,9.551549421,1.696201459,100.6013975,4177,2
5187.236352,277.1396319,37.48882336,0,6.585497742,1.637556703,221.5238619,1118,6
4358.572449,58.80371447,28.90372297,0.779064269,6.069135155,2.79711868,6.668602709,1280,4
8197.860801,247.8215724,45.42400849,0,11.57585342,5.178373565,92.41788519,1867,1
3466.345722,157.9432983,34.35184866,0,7.274232843,8.03783293,169.519123,424,2
3928.403826,160.6989873,28.56015782,0,7.13140887,7.741001264,267.1207067,1246,6
7635.293461,361.8249707,25.32801542,0,4.902918531,12.15356276,337.180624,803,1
3162.955479,1.692443906,35.74060504,0,1.668522518,5.100156016,1.531978055,1572,2
4139.647336,178.938973,36.27414493,0,5.943795883,4.080455417,155.3197158,998,7
5891.508737,41.45411078,26.47306873,0,8.092368478,15.06629525,435.456858,1333,2
7094.229553,121.4588307,32.09059163,0,7.30062317,9.490816048,291.7664882,1120,1
2275.494843,235.6971197,19.24345259,0,7.588706682,1.477663805,237.734365,712,1
1865.02041,88.1027935,15.67570701,0,9.464731054,0.559730314,36.26691205,746,3
3233.12905,35.08572218,33.00968683,0.116374401,7.944664636,0.06851342,37.55523017,9290,5
4666.283531,437.7540045,39.2120366,0,10.99211561,2.905396132,447.7459198,1268,7
6432.79952,782.0733051,18.58913952,0,6.373215942,0.340923279,792.1693172,807,7
1966.732607,23.12088229,25.33570181,0,11.16322575,2.957065098,22.82874581,579,1
5997.140293,720.1705516,44.1213225,0,8.516578979,1.551855999,708.0493294,5595,3
5859.191325,392.6403176,18.19853633,0,7.168022516,1.554650487,443.0507167,1498,6
7738.75738,209.1481656,30.8297251,0,7.781931923,0.705092726,231.9732662,7592,7
2775.580464,4.132829547,36.0941332,0,8.84996982,0.3,3.376023632,772,4
2801.027244,40.86550912,36.85570534,0,8.746067376,3.514405339,10.37357367,1061,2
3123.026678,57.22412218,37.26029669,0,9.370698705,2.339568755,54.20503119,1393,4
3019.857748,28.69971794,25.15487411,0,10.00659035,0,54.55692074,526,6
3660.564124,0,31.70738901,0.59809461,7.512129848,1.34530341,5.781867975,9518,3
2112.343461,16.87293781,28.19711965,0,10.72710171,4.409530748,20.74592655,666,4
0,0,0,0,5.918937392,0.528407857,24.58783935,1019,3
4588.906004,75.1627478,25.29576987,0,3.988421934,10.70428565,85.72661202,392,7
7533.024547,234.8466957,33.96254054,0,8.093111983,7.209958344,433.7670036,788,4
3560.937167,187.4314565,30.8516084,0,7.72794774,1.428370048,196.7213342,549,3
136.5626439,32.75455014,1.795798767,0,8.752407906,0.977969254,10.34513301,1059,6
5463.393776,121.2952706,45.90828791,0,6.398488583,5.677061116,102.7751885,1433,3
2922.92281,6.40990171,36.36775108,0,5.440287026,1.449191639,2.578204356,1299,4
2696.50825,55.27590274,34.87729036,0,8.87685866,1.749411519,53.25702507,9359,2
3074.543599,33.75481347,31.83344442,0,7.245114733,0.736403713,24.10854988,1317,3
5258.871822,45.79210047,24.80972776,0,3.743333655,25.4039362,43.71328537,1449,2
3177.161873,274.9566077,24.80869999,0,4.411098665,14.37121037,89.15347989,6287,4
5499.896784,251.3273054,45.69702401,0,8.362327672,0.558522941,260.6308886,1143,4
5271.623008,0.185807982,30.33222925,0,5.545307958,0.783861002,406.1886879,1672,1
2988.021959,144.761731,30.73953478,0,7.795351448,1.316003939,150.6382096,2783,5
3148.09756,41.83369456,41.42200944,0,6.878415318,0,46.71065014,471,6
3067.930884,63.55845675,37.5997794,0,9.410169868,0.505172168,34.4373217,7209,8
5889.260251,296.3884971,38.7873254,0,6.868392669,6.493604359,239.6244979,1435,5
3486.523345,101.2941491,42.35450847,0,8.76924646,0.317359033,113.7856429,1130,7
5376.782873,152.0203406,37.59964156,0,13.35615397,3.437230453,465.8099123,818,4
2785.838762,34.38882674,36.6557097,0,9.995104034,3.044210077,17.80481314,1007,1
5303.826193,230.4238629,39.42989578,0,11.71523095,0.612448924,488.7406792,811,5
4545.881098,330.377399,38.20059268,0,6.655871675,5.474946435,235.6243597,1244,1
2559.035906,120.4932611,36.2296633,0,6.347042239,0.870913632,120.5480532,1291,3
4692.590479,451.5657288,39.43312628,0,11.53763363,2.739408602,468.4424899,1235,7
5380.362559,98.88431591,33.67487409,0,4.590679855,18.80416526,85.84718884,1468,2
11380.68352,711.0174941,44.50793366,0,10.41457901,13.75659051,401.7389245,1864,2
3007.862693,24.01191726,22.28266798,0,6.256153434,0,166.6568862,443,5
0,0,0,0,7.725358203,2.597901842,388.7171228,1388,4
4268.494048,232.3977334,38.28365773,0,10.76700777,2.629645398,204.8604403,4234,1
0,0,0,0,7.658104152,1.545778079,72.26234825,660,5
3408.653958,50.54077916,33.47456859,0,11.44506113,0.426762457,10.76901661,1336,3
4683.66939,45.7529332,27.32007847,0.220496551,5.54292895,7.804823894,48.64275503,272,7
7880.820906,425.7645537,28.7917587,0,6.386692953,8.486034208,227.4204815,1447,5
2312.612551,1.594329172,33.31468198,0,9.986038642,0.619169709,21.70292901,687,2
3172.537248,18.10950648,41.74026461,0,6.085130932,1.235784329,17.63300647,3120,3
3367.995581,60.07770027,30.30992176,0,7.471149087,1.485490264,25.42567543,9075,5
5611.907703,178.6537366,39.55385729,0,10.15609623,7.429230441,68.71690756,1155,2
4273.486894,134.6930425,26.014358,0,8.335810046,4.323405246,85.24744333,1315,5
1826.266591,210.5123938,16.60350063,0,10.42277195,2.386022723,191.481399,1128,1
3529.151434,99.73141253,32.51143635,0,7.340617159,3.338329145,100.7780198,10581,4
1326.370059,69.7667338,17.77476473,0,10.08788663,0.02969616,16.00042062,896,5
4367.923549,228.5820562,26.34715409,0,6.666321097,10.87997867,191.1512062,1260,6
5729.555726,103.4684329,57.6107355,0,6.043434469,5.278182739,73.70237877,1385,2
4086.249838,158.7823116,34.34175412,0.159165611,10.5375737,0.056935711,163.677556,9806,5
3996.926571,237.5953314,26.85054535,0,5.436365509,7.328598044,177.5016221,11048,2
3046.026608,550.6424164,21.1569996,0,8.56321198,24.0793288,375.2424052,1337,6
3018.872415,69.60864566,43.63364506,0,10.63888667,1.533621717,58.8436098,1491,3
4468.914231,234.5558689,23.20455562,0,6.920120383,6.779230937,262.9582595,1062,3
4717.492554,171.2111934,41.31768786,0,7.798800359,1.902607461,185.4777165,4668,4
2864.509403,49.16388353,37.69237381,0,7.717714781,1.344968655,48.62795837,3086,6
3124.5824,119.7124044,37.55616847,0,8.931238018,0,114.4451471,1523,5
6325.581368,703.157094,24.42328943,0,7.215022792,9.092795458,662.0664068,847,3
5158.14008,23.27313922,28.818631,0,9.648999397,4.455950325,7.531429766,1542,3
1881.897688,79.24164701,16.51503451,0,9.314856383,0.768120795,29.39010016,716,3
0,0,0,0,6.966898041,3.155428921,69.61052008,995,4
0,25.90354952,0,0,9.13617013,2.274305774,204.7999307,997,1
3077.512114,13.27350704,45.33552857,0,8.158506027,0.149073613,3.332405145,852,7
6086.089561,462.6072844,28.52908091,0,12.80485089,4.18446214,482.4647707,1124,5
3019.683962,48.30441738,35.28556065,0,8.512475366,0,58.39182262,529,5
4653.034046,63.55642193,18.94959529,0,5.532410001,2.414944813,20.35205301,223,5
1498.240302,167.169422,16.75046581,0,11.9020647,7.676769326,144.6876846,1366,3
8215.121238,286.5032147,31.33440396,0,5.211684398,21.19040018,451.110663,1186,3
5154.837646,16.17884456,29.79679506,0,10.18250433,0.106689746,53.47823526,1576,3
1784.406339,37.32515376,25.49413621,0,7.328752943,0.023825763,12.90409228,707,6
4173.592638,48.72136559,47.1374031,0,9.631648768,4.484416594,7.474549694,572,6
3803.161079,56.25653214,30.89638602,0,3.075449245,1.939072695,73.73758468,1188,2
4237.537893,57.55211252,35.60948051,0,7.293048445,0.498155845,8.745599259,787,5
120.7318737,28.95753992,1.58762414,0,8.638964607,0.922561558,12.90180239,1056,6
4344.852993,256.1962206,36.51558639,0,8.013109854,2.743000327,75.39071244,5197,5
5945.264967,74.78995016,49.95978303,0,8.335503987,0.415466383,37.9935423,8074,4
4996.780067,80.58850157,31.07907768,0,6.65492233,1.343515467,97.44986845,2647,3
3017.200113,27.23705988,24.29925121,0,9.206673283,0,79.34623718,508,6
3725.889898,102.1069869,33.06559799,0,7.719159182,0.125536395,105.4742987,877,5
3706.122674,116.3668226,29.93706171,0,5.38065019,5.963041494,133.524756,10855,3
2414.901939,19.46830347,44.54671681,0,8.430692032,1.277217326,17.54921714,1280,6
5297.368565,31.49529319,41.46868357,0,6.767833532,3.985510069,30.44441769,1348,6
0,0,0,0,7.960045245,0.532499752,32.41083325,1013,4
2924.334868,418.9214885,10.70974385,0,3.071077972,23.48124732,106.8100463,6208,3
3435.157101,67.46305045,43.16788422,0,10.0972583,0.915263138,65.28831229,1387,5
3184.944947,43.08979853,41.90681184,0,6.746557119,0.820871017,43.0752655,3161,5
3190.050835,0.514451761,42.69988786,0,7.873196679,23.58526853,16.47368737,758,2
1387.736261,219.6424142,13.66879498,0,10.63364473,9.314074418,289.7015866,1325,5
9756.907552,158.3589236,35.19425395,0,8.907670019,2.150874924,755.0559207,11384,2
2801.687395,3.691705659,40.72005493,0,7.226869575,0.310071995,2.405759606,687,1
0,0,0,0,9.938705334,0,237.8123663,2074,1
3043.797463,141.194568,36.23654772,0.193808501,10.39041371,2.111803186,13.05311434,708,8
3570.997841,174.8082451,52.74705487,0,9.651981,0.455910456,158.0061699,1446,1
3064.386263,455.4714153,24.78379724,0,8.658094248,18.58988003,317.8001984,1382,6
3160.834333,194.543031,12.35999846,0,6.506147186,1.346319796,292.9586486,3803,6
4972.990711,274.1115261,41.79033074,0,9.378566807,6.913704885,215.9268342,7148,4
8865.100161,320.6839509,25.88922842,0,3.479657346,4.341358205,442.2680053,642,1
7187.868408,40.91321811,28.08444429,0,8.500002679,4.720339905,12.27826619,1000,1
5116.005714,392.2641198,29.57363122,0,8.105735697,33.51182213,353.3015171,963,5
0,0,0,0,7.559338313,1.301194539,134.7202961,1108,4
2946.222525,89.9586443,31.02820786,0,9.273661768,7.204942829,52.65902186,765,4
7713.115053,366.8789879,29.38329248,0,7.882510168,10.97510229,238.4328364,830,7
5900.701826,158.452558,28.44989292,0,7.778895719,13.10520916,388.4389863,1394,3
3391.538003,13.67960926,39.74828406,0,8.719698846,0.44390317,16.9151414,471,2
4056.042519,193.8160697,36.60360644,0,6.974406548,4.167929717,162.8614712,1316,7
3491.290282,62.05100469,50.38789517,0.097577885,8.402234684,1.603720644,90.50845557,1396,4
9363.332908,462.5371141,30.74997998,0,8.641094363,1.697219465,503.427344,6381,5
2884.336329,32.24272594,37.95227259,0,4.765817061,1.361481117,2.015161985,1169,6
5143.649401,329.3869434,30.46156261,0,7.988803562,34.10953015,277.9401474,845,5
4225.672009,112.4567761,19.86897255,0,5.51301907,3.0022271,12.7399365,1301,4
4073.970517,307.0021563,34.44265121,0,8.201895954,3.359324913,0.733347887,5523,6
2977.30855,167.7658901,18.27327742,0.279078066,8.081150447,3.389297138,221.1129335,9656,3
0,0,0,0,9.015416842,0.400303668,1.311139549,477,5
3907.080794,16.70173727,48.94812492,0,6.359140001,3.016359969,20.18209055,1229,2
3286.289177,70.84583391,25.36381433,0,10.35667,0.6,47.36085869,1346,4
2833.373987,83.12088532,37.66592128,0,8.190460845,0.535787069,11.23685629,557,6
7683.662299,367.1862586,27.5341051,0,5.155147795,10.05206082,387.6990815,703,2
2995.295683,49.46657013,35.65901037,1.87625028,11.35238187,0.478076176,5.701342793,750,8
3169.506703,5.285863249,46.28908871,0,9.579714249,3.677788526,9.087988939,6860,6
4713.276678,181.0770366,39.61138637,0,7.795643967,1.832381885,184.9222603,4733,4
5437.862589,102.8948441,39.90902057,0,5.698366499,5.626375849,253.7664621,1570,1
3311.848107,72.03723573,29.45257962,0.545839473,2.458430375,2.475994106,3.793873346,715,7
4522.270563,333.6626566,38.00179465,0,7.979657644,3.471849105,339.8792676,1448,6
2924.423103,46.32554928,26.48354843,0,8.399959435,0,59.71420925,4456,7
3278.435304,12.91127616,41.25550447,0,4.730935611,2.438738432,24.01847102,1549,4
2051.923431,35.07375339,24.35461161,0,10.79418013,3.681453191,22.09056146,671,4
1865.496205,68.18338368,17.15202469,0,9.023295522,0.530074494,19.26840487,729,4
5119.496991,527.9133949,20.79671162,0,3.694391448,20.23045772,344.8939999,572,4
5834.298149,370.8800241,49.02810528,0,7.965501042,0.494951441,128.9244486,8206,1
2513.008045,15.3223566,26.52765563,0,6.705250698,1.893656214,8.620324996,12398,4
5592.53428,193.4469994,40.35381648,0,10.06013392,5.93747435,102.624191,1131,2
3091.363955,57.5965709,34.73519506,0,8.790499288,0.809629975,67.84872185,1337,3
0,0,0,0,6.791385289,6.057122347,19.8392703,569,5
0,0,0,0,8.97773048,0.710085589,32.47002853,888,6
4491.622431,18.18439971,37.74557202,1.411821326,6.733753309,2.430224469,12.0707331,1268,5
4781.67835,253.7367395,33.17642694,0,7.373681414,3.420656943,109.7920535,1631,4
4699.778108,467.104878,23.91210579,0,8.082459773,6.937336286,254.983509,11939,3
4234.348844,450.5519451,27.95029762,0,7.861659788,0.607433871,461.199929,622,3
5375.650198,150.1848492,37.59170824,0,13.39354102,3.303709328,467.3091961,820,4
2646.801474,127.8422934,26.47063812,0,6.689018798,0.147562241,122.460329,1352,5
5318.146069,72.77906344,30.74136525,0,5.788352962,2.938238155,93.31891621,2499,2
3428.303993,46.78284297,31.1839768,0.034552279,7.515039023,1.269120157,11.29149751,9078,5
2583.95707,2.146982244,29.06659836,0,6.742228386,2.286405031,0.00945737,1367,3
3063.967253,51.67376971,30.68587142,0,9.048651797,1.08933222,46.29515582,1333,3
6354.415266,480.5749187,27.7319547,11.91923001,6.240649267,15.72212326,424.9971075,920,3
5313.135457,160.4226786,43.25355804,0,11.15512686,2.300915182,168.1477512,651,6
5319.426978,165.6837889,43.02779428,0,11.13775841,2.760934729,176.714257,652,6
7503.404605,209.9987146,34.71096235,0,8.337518754,8.237165089,427.8365574,789,4
3232.145095,15.59585671,36.31495094,0,8.582822027,0.227608688,0,4828,7
4512.194221,272.6327425,26.30642346,0,6.428551398,4.151546654,262.4926102,1101,2
0,0,0,0,8.525334908,0,54.20159496,4536,1
5375.377708,299.7823824,45.17086651,0,9.890009094,0.234964671,313.5035329,7404,2
4140.172949,179.6501668,36.75406936,0,6.168131243,3.914685393,156.6660918,994,7
2915.197974,27.9642474,37.28479574,0,4.62050099,1.639295347,1.613680912,1203,6
3003.388476,34.29406495,33.74843192,0,9.431958687,3.070182481,24.29107667,1210,2
3152.609962,1.827557988,35.79627395,0,1.624836361,5.033038369,1.093043265,1599,2
7104.250601,106.5013598,32.06370928,0,7.993358992,4.936326861,252.6408925,1122,1
2988.704297,50.76936086,31.44060739,0,9.883927889,2.999085632,26.08165203,677,5
5797.474851,80.80745722,59.1122991,0,7.272395929,3.625509217,29.07964531,1259,2
3150.907012,37.5053781,33.45209903,0.276179844,6.917450531,1.116941285,37.61919362,9410,5
6133.330583,516.8811406,28.79341514,0,11.30931503,7.96322825,504.7851756,1048,3
4454.842856,118.4942618,23.69767935,0.0744673,10.29096725,4.791115258,94.30051889,9691,1
3673.313576,7.205624258,31.11106639,1.336285206,9.734796821,7.98223464,5.568332987,1280,1
4410.957437,249.4453779,43.00994161,0,9.496609752,11.25656945,200.5157297,1114,4
0,0,0,0,6.461574038,5.709873871,47.59264872,632,4
4462.383741,239.8439027,23.87296298,0,9.875257582,6.344164178,231.3138281,11328,7
3718.395442,121.9549614,43.44490904,0,7.004511001,0.960604174,43.9808718,6158,6
5098.254367,511.9134315,29.46900495,0,8.666271701,20.22830936,507.9420429,1324,5
5617.135242,178.1726013,39.1261582,0,10.47007057,7.277013699,62.39030864,1129,2
2958.454534,691.5148864,13.05400923,0,6.372115949,14.05647836,145.4051915,1414,5
4592.014742,168.7588433,40.43206192,0,8.182340249,1.601267361,153.1939062,4677,4
0,0,0,0,9.137688532,0.609100622,45.40957045,791,6
5178.835243,27.82068599,27.95330715,0,8.411430756,8.85666993,14.96950878,1522,3
5735.644037,85.60820492,36.89933887,0,7.088594291,13.07474892,298.6339787,1411,2
4339.239782,149.1499311,31.27881428,0,9.902262847,4.513801455,133.981799,1330,6
2907.277022,32.26794051,37.57028092,0,5.00754653,1.301508615,4.449353345,1182,6
3391.720853,149.4998309,33.57220256,0,9.012701438,3.936406502,93.14263814,1042,4
3438.557488,16.64680148,37.90061013,0,6.590735567,1.604493394,88.62484561,10771,5
8556.708561,413.7690879,33.02077622,0,8.927993128,5.06516737,271.5034515,6809,5
4171.547744,146.5784503,24.64994931,0,5.945211351,3.369737543,68.83539408,1308,5
5050.56949,130.2315592,30.20934369,0,10.28547786,4.265651542,148.2010697,9805,2
5304.546938,29.08426254,44.46160851,0,7.309233238,0.149956223,28.18820954,1330,6
4376.192177,73.8019186,45.10462677,0,8.05111705,2.455815447,58.45309851,797,6
3288.440239,70.80701254,25.44440906,0,10.43482859,0.6,46.35112933,1346,4
4770.994834,106.7863372,40.09203319,0,7.341059272,2.123694771,56.99871465,940,4
0,0,0,0,8.502356854,0,49.6752023,592,6
3311.957508,57.45827605,28.83218496,0,1.584531699,4.586579663,4.209641604,735,7
3000.557409,81.47910088,33.71408125,0,6.17797607,4.098268742,73.535524,5679,1
5303.311035,10.83138756,32.28120808,0,8.26988117,1.052326771,599.5536695,10264,2
5213.517673,71.00389661,39.28560319,0,6.428607027,0.457860538,35.87730583,8903,2
2302.095742,34.5091826,34.35941314,0,8.890057216,0.298151404,33.03769425,654,3
4163.999392,57.27309608,37.96941569,0,8.883675261,13.31724854,10.9748665,1021,1
3091.946306,33.37386062,33.63333553,0,6.808390048,0.360419308,29.18433934,1317,3
5387.614662,150.059806,39.50832525,0,12.68261781,0.71070512,442.1965843,928,5
4393.37945,263.7090361,34.92139081,0,11.7396231,0.785956027,261.9932313,10102,6
4582.125889,77.42145259,26.24339393,0.024192404,5.494600626,16.36796276,100.0917729,583,7
3060.934197,98.38564079,20.80491006,0,8.03380587,0,124.1045944,4282,6
5048.931807,543.7781489,29.55703902,0,9.10825311,25.48489226,549.4768946,1273,5
4642.108946,77.8327219,23.573213,0,6.06301745,2.505046264,33.32666204,341,5
2977.393226,24.11769872,35.04771406,1.808101259,10.37652938,0.160579812,5.130823159,724,7
5720.28332,131.2316667,34.12073112,0,3.772264784,45.44489976,163.8201961,495,3
4673.364519,441.4716788,39.27154687,0,11.13895161,2.8607176,453.3167743,1259,7
5866.297186,285.4977696,49.29676929,0,8.072197241,0.472030668,102.703084,8168,2
4279.619092,155.9240272,22.10391722,0,5.942331575,6.659715811,82.18992942,1275,4
8855.438691,297.6498542,24.51448038,0,3.3507873,4.7,450.4883034,615,1
4268.003589,146.4629235,21.61348488,0,5.848762246,5.866911644,67.07133833,1280,4
6654.362813,100.335798,48.91009017,0,7.711373765,4.492829407,226.0307568,10103,4
8677.767456,570.0362044,40.39721702,0,6.142075079,0.975133821,318.0720426,957,4
3388.315749,152.1869657,33.14504481,0,9.072056889,3.999525129,91.30349194,1043,4
3083.626773,51.28707718,33.29048054,0,7.533080239,0.352145464,43.35805285,9219,6
5104.596972,329.0387031,34.17314392,0,7.802896542,25.67413066,247.0700677,882,3
11210.1883,682.3166818,43.03959599,0,9.884440853,13.14172147,406.8905269,1775,2
2793.528094,9.137427292,33.71077068,0,9.634715797,0.3,13.37279629,906,5
4151.190346,116.1157337,36.39316872,0,7.088901065,9.022546652,80.00991499,1015,4
8461.244882,472.493321,24.3453178,0,3.998185788,6.417535638,564.1378772,10270,6
3365.341054,73.23113777,39.95505688,0,11.6343937,10.28707575,45.78100918,1043,4
0,0,0,0,6.462983642,4.644075648,69.97441139,676,4
3435.640925,38.09445678,31.52049483,0.270219979,6.797079052,2.054602662,8.824484712,9252,5
7921.920544,320.3552933,25.97287011,0,3.400938582,19.28160728,537.9232115,976,3
7202.199082,89.14839142,23.63130537,0,3.290374889,42.63409039,57.56573797,832,2
3020.53735,29.83024026,25.76483959,0,10.15577706,0,48.30288743,531,5
4139.564482,0,29.29061359,0,6.897541965,7.124941546,347.442161,1640,3
2955.932297,47.74845958,29.62535887,0,9.520118284,0.18500686,35.24024489,540,6
3290.340952,30.18633568,39.81094814,0,7.658708794,0.298397734,3.640845894,6482,4
3244.231887,64.69350589,42.46556958,0,7.945835193,3.109899636,103.9191522,10239,2
4509.595692,66.08722787,37.89625005,0.885818021,7.249483112,1.711079326,58.54120735,1302,5
3977.22291,423.9662101,31.00835944,0,9.669586497,29.51322965,413.5098684,547,3
2213.026341,11.36755921,30.79441264,0,11.09639232,3.164371064,15.37985952,668,2
5494.588049,308.3257276,46.1717351,0,9.530011892,0.188016679,318.1983321,7440,2
1801.619988,100.8072201,14.93389945,0,9.32445832,1.582771307,73.23803192,772,4
4389.254045,220.7834317,41.33425885,0,10.16738345,2.945363227,224.2132554,4261,2
5672.703819,245.2156387,40.97145831,0,6.257304129,8.69986926,203.8183036,1490,3
4968.550204,52.94937794,58.08498046,0,6.774031535,4.345771875,41.427729,1654,2
7936.424208,364.4167296,32.43883013,0,5.401519925,8.883902347,566.7602427,618,6
3261.192141,28.29027186,42.91021971,0,7.566314989,3.107303822,25.24030684,1516,5
2563.661481,0.28345312,28.80510677,0,8.095860481,0,20.38088553,4615,7
3026.519664,51.22887484,33.67522767,0,7.559750813,0.161745979,49.12862186,9250,6
3154.59882,44.32440895,41.41555447,0,9.634283947,5.911694007,12.53023658,1480,6
5276.060141,292.6646756,44.33701407,0,10.18993313,0.274078394,309.5921606,7373,2
2962.075726,23.1581432,29.86341748,0,7.460185181,1.336274212,4.208916319,1313,3
0,0,0,0,8.416676112,0.729885969,111.7106593,1028,2
6081.592462,70.43969472,39.18292036,0,5.90918002,18.64849023,153.946137,1272,6
7882.525274,393.8720732,33.3447708,0,9.475487697,4.103633877,229.6719351,928,7
3156.101224,22.44221029,35.82376048,0,2.737434355,4.300287236,20.99749381,1564,2
8699.873344,540.6118011,38.68522564,0,5.827900845,1.372359604,332.7275833,920,4
5624.505463,67.62933895,29.2778342,0,4.853534386,1.024025051,60.78642181,604,2
6092.088321,340.2174683,43.05322858,0,7.18554259,3.320804735,302.6571149,1574,6
3129.22505,66.0919174,32.47386825,0,8.990815245,0.361071554,77.71499942,1342,3
2353.527002,223.4674993,23.58216159,0,6.540803467,0.147143228,222.2950156,678,4
3214.716584,4.252185857,41.2171845,0,7.391209291,25.5374381,17.54200607,741,2
1952.374159,55.73639292,19.9063677,0,10.10449129,2.11575776,21.48563368,697,4
5467.128496,230.9570291,44.56941733,0,9.281463093,0.245510425,314.1517444,1092,5
4178.927632,90.61093079,35.11593594,0,7.028263042,2.407448297,124.6919328,1014,4
4982.298599,191.2241563,36.76856642,0,6.999145266,4.418321562,226.1987919,4621,4
2541.795553,51.2560548,30.26275887,0,10.55627839,1.284362487,31.2256505,886,6
3282,34.64,48.99,10.6704,10.0686,1.2,21.3,1176,2
5280,69.05,35.2,13.792,11.210222,1.2,83.983333,2271,4
3846,0,50.61,6.9888,7.5768,0,1.2,615,8
2034,0.6,30.36,2.5872,5.8032,3.7,1.4,508,5
4134,186.4,59.06,26.4,10.0128,3,197.3,950,7
3858,194.97,43.35,20.16,7.5972,0,198.8,601,4
4555,153.28,59.93,18.24,9.54,18.8,163.3,5082,7
3584,57.86,47.16,9.0576,10.752,0.1,0.5,1006,1
0,0,0,0,8.7048,0,4.4,1121,1
2522,43.05,28.34,0,10.472,0,11.4,1205,4
5177.263158,108.467368,54.496842,0,9.225,4.9,48.6,897,2
5987.076923,240.885,41.867308,0,8.6415,0.6,215.4,1104,1
2410,27.89,43.04,0,4.408,0.3,25.1,1251,3
2697,228.97,15.59,0,10.6399,5.5,44.8,651,2
2810,86.01,31.57,0,5.085,0.6,82.1,1068,7
3962.666667,68.727917,33.300417,0,10.2625,11.4,202.1,1175,5
3040,22.5,34.16,0,7.6479,11.1,143.2,954,8
4119.318182,398.698636,34.616818,0,10.9984,0.2,0,9330,6
4301.269231,134.834231,35.826154,0,5.865,0,210.6,1267,7
2834,8.34,42.3,0,11.3958,0.2,12.9,739,7
3456.026296,25.24000519,35.36646923,0.821751511,6.023647935,4.001864578,27.09770494,9800,2
1377.162866,250.0998914,12.18648636,0,9.842266791,9.415741676,364.5490221,1275,6
2271.909721,60.81600683,32.85693087,0,6.774197048,0.234583258,71.13338074,613,6
2917.770275,363.484843,14.27563104,0,3.540041559,20.34548115,103.2728078,6119,2
2955.227914,10.43911587,33.46239169,0.289638566,6.398741564,0.361647436,8.884085466,607,6
2595.201267,79.23855385,31.89409399,0,6.173765216,1.426643715,78.82040468,1305,3
8653.900986,308.7373975,40.62805039,0,8.265250918,18.02361677,253.7496725,1393,2
3280.192316,95.26520209,40.65372533,0,7.210224338,0.273203918,91.13105066,3195,8
5602.63428,178.3551134,40.80815356,0,9.398994504,7.72207536,82.57823368,1215,2
3596.19723,157.2762213,33.53995991,0,8.387919084,0.362713185,164.782378,550,4
6249.649013,600.5607294,28.96371128,2.118731957,7.872760215,15.62170832,527.2864588,900,1
4232.209339,353.4764101,33.28014786,0,8.641976233,0.68317896,347.6124532,685,3
5830.68793,393.2110846,19.21866317,0,6.749819766,2.073077522,376.8691745,1370,7
2991.666681,20.25859773,28.61506011,0,8.317971906,0.166187462,31.98755053,554,6
3067.732828,28.16740238,34.46945271,0,9.154031213,0.141635806,2.139032907,4548,6
2895.866904,0.916355077,34.43268994,0,8.179743144,0.698021116,1.589067035,315,6
2994.56474,79.69048047,34.11894743,0,9.888873096,3.606778942,17.66659813,720,5
5468.185912,264.9390806,36.71273309,0,6.455952874,0.1,229.6317711,1145,4
2976.778297,133.8689932,32.89557923,0,8.082773643,1.123662519,122.3141546,2726,5
0,0,0,0,8.109388612,0.062466187,123.7503806,1478,2
7295.458262,217.9102967,29.96838455,0,6.578941974,8.026113031,330.5199477,1017,1
4052.617968,144.0812836,34.05920424,0.178648901,10.37330995,0.051664258,149.2917609,9765,5
3012.857694,80.69830292,39.64200574,0,8.09391776,0.764106423,37.7058067,2723,4
2990.448724,3.102948546,37.43940325,0.10522093,6.479502433,1.179591945,4.66450796,1075,5
3218.03624,15.54769775,37.02425966,0,4.539640084,0.060517211,11.51189234,6838,3
3280.159259,11.42025909,42.63327392,0,7.475106976,2.648012395,10.45833848,1014,3
3010.284178,1.987100007,38.78392005,0.185076495,6.080192996,0.572657497,0.701290371,1110,4
4253.789275,55.08912845,39.46347509,0,7.539617898,0.706561574,21.22530902,808,6
5733.740457,101.6654993,57.87819444,0,6.04850933,5.184411159,71.88432979,1383,2
3573.030079,134.3184825,30.02903572,0,9.151990323,0.309997295,91.68918843,4228,3
4778.760933,215.9315666,29.62576067,0,7.408732516,8.536168532,164.7408253,4160,4
8535.395488,241.6233461,42.46897881,0,9.917740566,16.82550751,174.8817649,1484,2
3274.743035,7.98561149,41.14735252,0,8.110144393,1.802089648,5.573684918,1025,4
3794.149821,6.098244745,31.88357032,0.745419125,8.406327919,6.884241621,4.914634854,1399,2
6229.612289,193.2972184,38.62056362,0,9.811794303,6.431394831,330.70772,601,4
4171.629747,234.735855,43.24617397,0,10.24373708,0.546533264,225.8611379,859,3
4715.273728,294.4989017,39.01809507,0,7.904088573,0.295277371,9.477451102,1483,4
4504.29467,147.1822195,36.93179507,0,8.434335184,1.211614113,136.300356,1355,6
0,0,0,0,8.002758207,0.155224149,115.8683757,670,6
3222.995906,71.90772457,23.13005319,0,8.102907678,0.597468669,76.61181288,1338,3
4111.296095,0,27.58970797,0,6.900082458,5.081501526,327.3253225,1617,3
3257.205609,25.15677039,38.25683704,0,6.27660394,0.024582011,6.516899461,6610,3
7481.633494,294.6583934,26.44695805,0,5.04357858,3.817308266,305.1061613,9333,7
0,0,0,0,12.44213058,0.083166122,52.07806563,10020,2
4600.188737,74.96456892,28.43215967,0,6.874433823,3.550962861,441.3365996,10394,2
1712.272915,0,19.24133091,0,9.647027914,0,0.858855517,4728,5
3024.673543,73.90165413,39.11539326,0,8.199196591,0.411709613,54.29299437,560,5
3952.663329,185.4070263,24.96456205,0,6.308583471,14.35253448,264.4907045,1271,4
153.735211,36.87339036,2.021618025,0,9.134225487,1.130602817,39.49446783,1059,6
3335.072095,62.77231412,37.47360238,0,7.569560167,6.041963801,70.5975786,405,2
4077.736926,136.0587006,25.43059734,0,7.881861168,6.446090397,156.8369866,11486,6
3469.180658,26.08158534,31.82937625,0.510442999,6.27326717,2.636538273,6.357077722,9431,4
3596.574114,187.1528222,30.22279567,0,8.026367115,0.040952537,196.0544194,579,4
3587.451714,188.2199482,30.50655626,0,7.793180721,0.025760816,196.5590887,613,4
7250.415395,161.0242276,34.03901294,0,8.140310438,5.543688877,371.6941355,1014,2
8520.438331,235.5756376,40.00147211,0,8.37263491,21.85732663,274.503294,1952,1
3163.412431,78.92782807,41.62780627,0,7.783069376,0.318876797,75.74872141,3170,7
3187.536707,57.32869709,28.61154905,0,8.170089512,0.131192558,65.26385833,4602,7
3158.472613,22.11292377,38.41281986,0,5.404359429,5.585738956,6.114606422,1529,4
1391.5,712.588125,44.4975,0,10.406,13.8,403.1,1866,3
5839.82072,104.370004,36.670605,0,9.51695,17.904305,117.907615,538,3
5549.483874,184.807601,45.017089,0,5.719392,8.380293,150.135049,1468,2
8140.43669,273.772378,40.280089,0,9.613913,7.652572,197.097466,1280,2
6254.631187,160.635036,52.064908,0,8.513768,12.576218,177.153631,400,3
4965.093756,221.25758,41.72334,0,7.514033,4.666362,122.174419,977,2
5593.652168,178.065871,42.023048,0,8.665676,8.005721,96.004128,1272,2
6096.748986,738.968327,50.856848,0,8.396279,2.16111,733.194923,5433,2
5814.440049,634.298503,49.473221,0,8.652663,2.217746,609.600857,5605,2
4632.282704,216.107436,40.222173,0,8.908703,9.482097,86.631869,6752,6
8191.065622,246.595322,44.928233,0,11.263358,6.129439,112.82681,1971,1
5339.635327,182.582459,42.302642,0,11.081971,4.238516,204.229847,653,5
5653.632528,151.310646,45.799099,0,7.323905,7.302193,90.630424,12092,3
4997.367606,275.533155,41.995217,0,9.482356,6.23416,225.284422,7169,4
4822.583335,265.339961,40.526164,0,8.738179,11.106552,158.189777,7018,6
8197.860801,247.821572,45.424008,0,11.575853,5.178374,92.417885,1867,1
5997.140293,720.170552,44.121322,0,8.516579,1.551856,708.049329,5595,3
4972.990711,274.111526,41.790331,0,9.378567,6.913705,215.926834,7148,4
880,8.426869,3501,39.34,0,24.610345,1.9,11.088,1
881,6.483714,3489,39.2,0,24.671429,1.9,8.877943,1
882,6.159659,3459,38.87,0,24.733333,2,8.676444,1
883,9.320308,3513,39.47,0,24.773077,2,9.988338,1
884,8.02296,3589,40.33,0,24.808,1.5,8.475264,1
885,6.645075,3448,38.74,0,24.845833,1.5,7.9711,1
886,6.401404,3457,38.84,0,24.886957,1.5,11.009948,1
887,8.507864,3523,39.58,0,24.904545,2.9,8.283491,1
888,9.884905,3540,39.78,0,24.933333,2.9,7.577143,1
889,9.88383,3519,39.54,0,24.945,3.3,8.48736,1
890,7.293316,3621,40.69,0,25,3.3,12.025263,1
891,9.399222,3525,39.61,0,25.072222,3.3,11.9416,1
892,9.154994,3504,39.37,0,25.152941,3.3,12.652941,1
893,6.15695,3490,39.21,0,25.25625,3.3,7.695,1
894,7.53548,3510,39.44,0,25.353333,3.3,12.05232,1
895,6.725371,3458,38.85,0,25.435714,3.3,11.853771,1
896,11.6604,3450,38.76,0,154.5,3.3,21.12,1
897,9.7747,3550,39.89,0,154.6,3.3,28.08,1
898,10.428,3501,39.34,0,154.8,3.3,30,1
899,8.4461,3572,40.13,0,155.3,3.3,18.96,1
900,10.6176,3395,38.15,0,155,3.3,26.88,1
901,8.058,3524,39.6,0,155,3.3,23.28,1
902,11.0084,3530,39.66,0,155,3.3,19.44,1
903,11.376,3469,38.98,0,154.9,3,27.36,1
904,11.5778,3572,40.13,0,154.7,3,28.56,1
905,10.7237,3457,38.84,0,154.4,3,20.4,1
906,8.7308,3451,38.78,0,154.6,3,29.28,1
907,11.2931,3460,38.88,0,154.7,3,24.24,1
908,10.7124,3531,39.67,0,154.5,3,29.76,1
909,7.2996,3504,39.37,0,154.3,3,21.84,1
910,10.9968,3498,39.3,0,154.3,3,21.6,1
911,7.2996,3486,39.17,0,154.4,3,30,1
912,10.902,3527,39.63,0,154.6,3,25.2,1
913,10.3441,3459,38.87,0,155,3,27.36,1
914,7.584,3460,38.88,0,154.8,3,27.84,1
915,7.2996,3618,40.65,0,155,3,26.4,1
916,10.3332,3433,38.57,0,154.9,3,26.4,1
917,9.5748,3620,40.67,0,148.3,3,27.36,1
918,10.8072,3506.689655,39.401034,0,155.1,3,27.6,1
919,9.2904,3514,39.48,0,155.5,3,24.24,1
920,11.1864,3536,39.73,0,155.6,3,26.88,1
921,10.0488,3607,40.53,0,155.7,3,19.68,1
922,7.3944,3538,39.75,0,155.5,3,28.56,1
923,9.767452,3508.214286,39.417857,0,154.62963,3,18.445778,1
924,10.6176,3506,39.39,0,155.8,3,21.12,1
925,11.0916,3519,39.54,0,155.7,3,18.96,1
926,8.4372,3542,39.8,0,155.7,3,24.96,1
927,11.1864,3633,40.82,0,155.8,3,18.72,1
928,7.2996,3442,38.67,0,155.6,3,21.384,1
929,10.0488,3567,40.08,0,156.1,3,29.04,1
930,10.3332,3563,40.03,0,156.3,3,18,1
931,11.85,3458,38.85,0,156.5,3,21.12,1
932,8.4372,3508,39.42,0,156.4,3,23.52,1
933,7.11,3555,39.94,0,156.4,3,22.08,1
934,7.6626,3659,41.11,0,156,3,24.24,1
935,11.7304,3510,39.44,158.02,163.2,3,27.12,1
936,7.095,3509,39.43,164.04,164.1,3,23.04,1
937,8.8164,3494,39.26,157.9,164.4,3,18.72,1
938,7.3944,3545,39.83,166.45,164.8,3,18,1
939,10.8072,3443,38.69,157.44,165.6,3,21.12,1
940,9.1956,3534,39.71,173.39,165.1,3,18.24,1
941,8.532,3553,39.92,162.69,164.7,3,19.92,1
942,11.2812,3505,39.38,158.27,165.2,3,26.4,1
943,7.8684,3357,37.72,162.54,165.5,3,28.32,1
944,7.584,3461,38.89,161.36,165.4,3,26.4,1
945,10.0488,3379,37.97,163.65,165.9,3,27.84,1
946,7.584,3527,39.63,162.92,165.6,3,29.28,1
947,8.1528,3428,38.52,168.19,165.4,3,18.96,1
948,10.2384,3341,37.54,168.41,165.3,3,18,1
949,11.1864,3529,39.65,148.5,165.7,3,18.24,1
950,7.2996,3368,37.84,168.36,165.8,3,23.04,1
951,8.8164,3477,39.07,156.31,165.6,3,28.56,1
952,7.3788,3496.857143,39.290714,98.515714,165.8,3,26.6112,1
953,10.2168,3489,39.2,161.73,166.7,3,24.72,1
954,8.3248,3544,39.82,161.56,163.5,3,18.48,1
955,8.4194,3689,41.45,162.35,164.6,0.9,25.68,1
956,8.4194,3510,39.44,165.54,164.1,0.9,20.16,1
957,9.5546,3681,41.36,168.51,167.8,0.9,18.24,1
958,7.4734,3756,42.2,169.06,170,0.9,29.04,1
959,11.6358,3709,41.67,172.25,170.4,0.9,20.4,1
960,7.4734,3518.5,39.533929,139.98,170.4,0.9,0,1
961,10.7844,3520.740741,39.559259,145.164444,170.4,0.9,0,1
962,11.4466,3521.230769,39.564615,150.747692,170.4,0.9,0,1
963,8.8924,3519.88,39.5496,156.7776,170.4,0.9,0,1
964,8.3248,3514.083333,39.484583,163.31,170.4,0.9,0,1
965,9.6492,3514.26087,39.486522,163.54,170.4,0.9,0,1
966,9.0816,3514.5,39.489091,163.517273,170.4,0.9,0,1
967,11.5412,3515.47619,39.5,163.784762,170.4,0.9,0,1
968,8.3248,3514,39.4835,163.6515,170.4,0.9,0,1
969,9.3654,3517.736842,39.525263,163.978421,170.4,0.9,0,1
970,7.1896,3516.833333,39.515,163.455556,170.4,0.9,0,1
971,7.3788,3514.705882,39.491176,163.500588,170.4,0.9,0,1
972,7.568,3515.3125,39.498125,163.8275,170.4,0.9,0,1
973,10.406,3525.866667,39.616667,163.913333,170.4,0.9,0,1
974,7.095,3530.5,39.668571,164.095714,170.4,0.9,0,1
975,7.095,3542.153846,39.799231,164.13,170.4,0.9,0,1
976,7.095,3543.416667,39.813333,164.230833,170.4,0.9,0,1
977,7.6626,3553.909091,39.930909,163.870909,170.4,0.9,0,1
978,10.406,3575.2,40.17,163.417,170.4,0.9,0,1
979,10.0276,3580.333333,40.227778,165.074444,170.4,0.9,0,1
980,9.0816,3606.875,40.52625,164.66375,170.4,0.9,0,1
981,8.8924,3625.428571,40.734286,165.857143,170.4,0.9,0,1
982,8.987,3625.428571,40.734286,165.857143,170.4,0.9,0,1
983,10.0276,3648.166667,40.99,166.545,170.4,0.9,0,1
984,8.514,3669,41.224,167.542,170.4,0.9,0,1
985,11.6358,3664,41.1675,168.84,170.4,0.9,0,1
986,11.7304,3715.333333,41.743333,169.94,170.4,0.9,0,1
987,8.2302,3732.5,41.935,170.655,170.4,0.9,0,1
988,10.9736,3709,41.67,172.25,170.4,0.9,0,1
989,7.6626,0,0,0,170.4,0.9,0,1
990,7.6626,0,0,0,170.4,0.9,0,1
991,11.6358,0,0,0,170.4,0.9,0,1
992,10.9736,0,0,0,170.4,0.9,0,1
993,10.6898,0,0,0,170.4,0.9,0,1
994,9.2708,0,0,0,170.4,0.9,0,1
995,9.6492,0,0,0,170.4,0.9,0,1
996,9.2708,0,0,0,170.4,0.9,0,1
997,8.3248,0,0,0,170.4,0.9,0,1
998,7.7572,0,0,0,170.4,0.9,0,1
999,8.1356,0,0,0,170.4,0.9,0,1
1000,9.1762,0,0,0,170.4,0.9,0,1
1001,11.352,0,0,0,170.4,0.9,0,1
1002,7.6626,0,0,0,170.4,0.9,0,1
1003,11.352,0,0,0,170.4,0.9,0,1
1004,11.1628,0,0,0,170.4,0.9,0,1
1005,9.7438,0,0,0,170.4,0.9,0,1
1006,8.2302,0,0,0,170.4,0.9,0,1
1007,7.4734,0,0,0,170.4,0.9,0,1
1008,8.7032,0,0,0,170.4,0.9,0,1
1009,8.2302,0,0,0,170.4,0.9,0,1
1010,7.095,0,0,0,170.4,0.9,0,1
1011,7.7572,0,0,0,170.4,0.9,0,1
1012,10.0276,0,0,0,170.4,0.9,0,1
1013,9.6492,0,0,0,170.4,0.9,0,1
1014,7.8518,0,0,0,170.4,0.9,0,1
1015,8.987,0,0,0,170.4,0.9,0,1
1016,9.8384,0,0,0,170.4,0.9,0,1
1017,8.7032,0,0,0,170.4,0.9,0,1
1018,8.4194,0,0,0,170.4,0.9,0,1
1019,7.2842,0,0,0,170.4,0.9,0,1
1020,11.6358,0,0,0,170.4,0.9,0,1
1021,11.825,0,0,0,170.4,0.9,0,1
1022,9.7438,0,0,0,170.4,0.9,0,1
1023,8.8924,0,0,0,170.4,0.9,0,1
1024,9.6492,0,0,0,170.4,0.9,0,1
1025,8.2302,0,0,0,170.4,0.9,0,1
1026,10.5952,0,0,0,170.4,0.9,0,1
1027,10.0276,0,0,0,170.4,0.9,0,1
1028,8.8924,0,0,0,170.4,0.9,0,1
1029,8.4461,3294,37.01,52.16,52.7,0.9,22.32,1
1030,11.376,3269,36.73,43.12,48.5,0.9,20.16,1
1031,10.6176,3319,37.29,43.36,47,4.5,26.16,1
1032,11.4708,3707,41.65,43.24,47.1,4.5,27.36,1
1033,11.5656,3729,41.9,43.87,48,4.5,27.12,1
1034,11.6604,3695,41.52,43.05,48.4,4.5,22.32,1
1035,8.2476,3741,42.03,51.65,47.5,4.5,23.76,1
1036,11.2812,3781,42.48,42.26,49.4,4.5,24.48,1
1037,11.0916,3746,42.09,43.5,49.5,4.5,27.12,1
1038,11.4708,3736,41.98,34.81,49.3,3.1,21.12,1
1039,8.058,3645,40.96,34.41,48.8,3.1,18.72,1
1040,9.2904,3784,42.52,44.07,50.4,3.1,23.28,1
1041,7.584,3760,42.25,35.62,51,3.1,30,1
1042,10.6176,3561,40.01,43.45,50.4,2.7,27.6,1
1043,11.85,3742,42.04,42.98,50.6,2.7,27.84,1
1044,9.091862,3633.933333,40.830667,42.77,107.731034,2.7,14.772414,1
1045,7.11,3747,42.1,43.7,50.2,2.7,27.36,1
1046,10.5228,3742,42.04,42.18,51.2,2.7,27.84,1
1047,7.8684,3785,42.53,41.9,51.9,2.7,18.24,1
1048,8.532,3767,42.33,43.4,52.2,2.7,20.4,1
1049,7.11,3763,42.28,52.8,52.7,2.7,20.64,1
1050,7.7736,3807,42.78,44.08,52.4,2.7,18.48,1
1051,7.2048,3818,42.9,42.36,52.3,2.7,27.12,1
1052,10.1436,3679,41.337273,43.271364,46.5,2.7,15.3504,1
1053,8.058,3679,41.337273,43.271364,101.4,2.7,18.48,1
1054,7.584,3595,40.39,99.68,82.4,3.6,25.68,1
1055,9.8592,3675.347826,41.296087,45.723913,74.8,3.6,19.2,1
1056,11.2812,3574,40.16,69.43,71.1,3.6,28.08,1
1057,10.0594,3537,39.74,80.64,68.9,3.6,22.56,1
1058,7.584,3545,39.83,60.49,67.8,3.6,27.36,1
1059,11.0916,3546,39.84,61.03,66.5,3.6,26.16,1
1060,11.1864,3599,40.44,70.4,65.3,3.6,23.52,1
1061,10.2492,3590,40.34,61.11,64.5,3.6,27.12,1
1062,10.3441,3608,40.54,52.81,63.5,5.3,27.84,1
1063,10.7124,3573,40.15,59.17,61.8,5.3,24.72,1
1064,7.8684,3558,39.98,59.79,61.3,5.3,23.28,1
1065,9.2053,3569,40.1,52.47,60.4,5.3,19.68,1
1066,8.2476,3588,40.31,62.44,60,5.3,29.76,1
1067,7.4022,3602,40.47,59.53,59.3,5.3,28.8,1
1068,11.5656,3620,40.67,52.13,58.9,4.8,24.24,1
1069,8.1528,3658,41.1,51.9,57.7,4.8,29.04,1
1070,9.5748,3660,41.12,62.33,58.3,4.8,30,1
1071,11.6604,3663,41.16,53.21,58.1,4.8,27.12,1
1072,7.8684,3682,41.37,52.9,58,4.8,22.56,1
1073,8.1528,3647.84,40.9868,57.2752,58,4.8,23.52,1
1074,8.6268,3647.84,40.9868,57.2752,58,4.8,22.32,1
1075,11.376,3643.708333,40.940417,57.840833,58,3.9,18.24,1
1076,10.3332,3639.434783,40.892609,58.521739,58,4.5,26.4,1
1077,7.584,3698,41.55,51.78,56.7,4.5,21.12,1
1078,9.1956,3676,41.3,44.43,56.8,4.5,22.32,1
1079,11.1864,3708,41.66,50.91,56.4,4.5,23.76,1
1080,8.6268,3760,42.25,51.49,55.7,4.5,20.88,1
1081,7.8684,3731,41.92,44.63,55.7,4.5,20.16,1
1082,10.0488,3722,41.82,52.11,55.1,4.5,27.12,1
1083,10.902,3792,42.61,44.89,55.2,4.5,19.44,1
1084,7.3944,3615,40.62,44.15,53.9,3.9,27.84,1
1085,9.8592,3746,42.09,51.83,54.4,3.9,22.56,1
1086,10.428,3817,42.89,52.6,55.3,3.9,29.04,1
1087,8.3424,3635,40.84,53.44,48,3.9,14.7744,1
1088,8.532,3656.64,41.0856,54.1392,57.1,3.9,22.3344,1
1089,8.058,3711,41.7,50.42,56.5,3.9,26.88,1
1090,8.1528,3655,41.07,44.55,56,3.9,24.96,1
1091,9.1008,3657,41.09,44.4,54.7,3.8,18.24,1
1092,8.4372,3696,41.53,50.77,55.1,3.8,19.44,1
1093,8.058,3678,41.33,50.71,55,3.8,27.36,1
1094,11.376,3680.791667,41.357083,51.250833,39.7,3.8,19.008,1
1095,7.3073,3702,41.6,28.92,23.5,3.8,6.336,1
1096,8.7032,3561,40.01,13.06,23.6,3.8,8.856,1
1097,9.8592,3586,40.29,13.11,22.5,3.8,6.624,1
1098,9.2053,3429,38.53,13.08,21.9,2.7,8.496,1
1099,9.6696,3559,39.99,12.92,21.7,3,8.8536,1
1100,8.8164,3584,40.27,13.51,21.5,3,6.984,1
1101,8.041,3554,39.93,15.1,21.2,3,7.9608,1
1102,9.5849,3516,39.51,13.19,21,3,8.64,1
1103,10.3441,3564,40.04,13.08,20.9,3,9.2256,1
1104,11.0084,3546,39.84,12.82,20.8,3,8.7792,1
1105,11.4466,3571,40.12,13.37,20.4,3,7.7376,1
1106,7.6869,3448,38.74,13.59,20.4,2.4,6.4728,1
1107,7.095,3562,40.02,13.23,20.3,3,6.2496,1
1108,11.85,3515,39.49,13.04,20.2,3,8.184,1
1109,10.6176,3519,39.54,13.57,20,3,8.6304,1
1110,7.568,3580,40.22,13.55,20,3,7.7376,1
1111,9.5445,3535,39.72,13.28,19.9,3,6.9192,1
1112,9.1008,3560,40,13.5,19.7,3,6.1752,1
1113,9.954,3562,40.02,13.53,19.5,2.7,8.7792,1
1114,9.6798,3539,39.76,13.48,19.6,2.7,9.2256,1
1116,11.4708,3591,40.35,13.45,19.2,2.7,7.068,1
1117,10.0276,3581,40.24,13.11,19.4,2.7,8.1096,1
1118,11.2812,3607,40.53,12.89,19.3,2.7,6.696,1
1119,10.428,3494,39.26,12.85,18.9,2.7,7.5888,1
1120,9.0155,3438,38.63,13.09,18.9,3,8.1096,1
1121,7.4892,3551,39.9,13.04,18.9,3,6.2496,1
1122,8.532,3521,39.56,13.19,18.7,3,7.7376,1
1123,10.6898,3549,39.88,13.15,18.8,3,6.2496,1
1124,9.1104,3507,39.4,10.8,18.7,3,6.9192,1
1125,8.9112,3476,39.06,10.8,18.5,3,8.352,1
1126,7.2124,3512,39.46,12.67,18.5,3,8.8536,1
1127,9.0155,3447,38.73,13.31,18.5,2.4,8.496,1
1128,7.7818,3505,39.38,10.58,18.4,2.4,6.3984,1
1129,8.1614,3534.241379,39.71,12.952069,18.4,2.7,6.8448,1
1130,10.2384,3502,39.35,10.94,18,2.7,6.7704,1
1131,7.7736,3506,39.39,13.03,18,2.7,8.7792,1
1132,10.0276,3512,39.46,12.88,18,2.7,8.7048,1
1133,9.9645,3471,39,10.89,18,2.7,8.4816,1
1134,8.6268,3444,38.7,12.99,17.9,2.7,7.3656,1
1135,11.388,3459,38.87,13,18.1,2.7,7.992,1
1136,8.532,3462,38.9,10.45,17.9,1.7,5.8032,1
1137,7.3944,3518,39.53,10.88,18,1.7,5.8032,1
1138,10.9968,3476,39.06,10.89,18.1,1.7,9,1
1139,11.7676,3511,39.45,12.75,18,1.7,5.8776,1
1140,10.3441,3501,39.34,12.9,18.1,1.7,7.8864,1
1141,10.902,3522,39.57,13.01,18.2,1.7,9.1512,1
1142,9.7747,3556,39.96,13.18,18,1.7,7.7376,1
1143,7.11,3467,38.96,10.81,18.3,3,6.7704,1
1144,11.6604,3504,39.37,10.92,18.3,3,6.6216,1
1145,8.8257,3534,39.71,13.02,18.2,3,8.3328,1
1146,7.4971,3504.75,39.380357,12.215,18.2,3,6.264,1
1147,9.1956,3498,39.3,12.98,18.2,3,9.1512,1
1148,8.541,3540,39.78,13.03,18.3,3,6.8448,1
1149,8.4372,3498,39.3,13.21,18.3,13.9,8.136,1
1150,10.9135,3462,38.9,12.47,18.2,13.9,5.952,1
1151,10.3332,3505,39.38,13.35,18.3,13.9,5.8776,1
1152,11.4708,3557,39.97,13.08,18.1,13.9,8.64,1
1455,6.279,3005,39.54,60.39,53,5.4,0,5
787,8.607,7519.45,35.3025,216.4445,447.6,6.4,0,5
1987,6.1655,8632,40.53,241.65,24.4,0.5,0,6
2980,7.2357,4339,25.08,128.62,176.5,5.1,0,5
1439,7.725,3401.931034,23.78931,3.475517,5.3,5,0,8
726,9.7713,2978.068966,33.461724,58.003793,18.8,4,0,5
1460,4.968,2904,7.96,778.87,0,7.8,0,5
486,8.9388,4896.583333,34.242083,210.945417,120.6,0.4,0,6
2071,10.797,4115.347826,28.578696,404.285652,0,0,0,8
1181,6.8684,3089,21.45,465.35,322.6,27.4,0,6
499,7.68,3136,26.35,478.58,484.9,7.6,0,7
8451,7.1724,6583.48,30.9088,29.4316,39.4,0,0,8
1260,6.612,4487.37931,37.71,6.875517,1.1,2.6,1.536,5
553,5.4571,4571.642857,21.462857,87.953214,113.7,18.6,0,8
437,6.1491,3007.041667,21.02875,21.64625,174.1,0,0,6
12335,5.0008,5253,20.52,229.26,262.7,3.6,0,5
1070,9.207,200,2.63,47.97,0.1,1.2,0,8
885,10.3896,2518,29.98,31.22,23.4,0,0,6
793,8.755,3211,22.45,117.66,139.2,0,0,8
984,6.1605,0,0,0,27.4,4.1,0,6
3111,8.1984,4365,36.68,179.12,165.8,0,0,6
7311,9.2624,7607.04,35.7132,356.5156,0,9,0,5
146,9.8368,5089.518519,29.418519,469.021852,468.6,0.9,0,8
635,8.2473,2029,30.283333,0.96625,1.4,2.1,0,5
1322,6.804,4064,34.15,214.38,180.3,4.1,0,8
